shape_code,shape_no,shape_name,category,fields,is_user_selectable,approve_status,source_image_path,ref_svg_path,clean_svg_path,vector_status,option_text
0000,0,이미지 없음,,,1,APPROVED_REF,Data/Shapes/source_jpg/shape_0000.jpg,,,PDF_REFERENCE_IMAGE,
0001,1,,,,1,APPROVED_REF,Data/Shapes/source_jpg/shape_0001.jpg,,,PDF_REFERENCE_IMAGE,
0002,2,,,,1,APPROVED_REF,Data/Shapes/source_jpg/shape_0002.jpg,,,PDF_REFERENCE_IMAGE,
0003,3,,,,1,APPROVED_REF,Data/Shapes/source_jpg/shape_0003.jpg,,,PDF_REFERENCE_IMAGE,
0004,4,,,,1,APPROVED_REF,Data/Shapes/source_jpg/shape_0004.jpg,,,PDF_REFERENCE_IMAGE,
0005,5,,,,1,APPROVED_REF,Data/Shapes/source_jpg/shape_0005.jpg,,,PDF_REFERENCE_IMAGE,
0006,6,,,,1,APPROVED_REF,Data/Shapes/source_jpg/shape_0006.jpg,,,PDF_REFERENCE_IMAGE,
0007,7,,,,1,APPROVED_REF,Data/Shapes/source_jpg/shape_0007.jpg,,,PDF_REFERENCE_IMAGE,
0008,8,,,,1,APPROVED_REF,Data/Shapes/source_jpg/shape_0008.jpg,,,PDF_REFERENCE_IMAGE,
0009,9,,,,1,APPROVED_REF,Data/Shapes/source_jpg/shape_0009.jpg,,,PDF_REFERENCE_IMAGE,
0010,10,,,,1,APPROVED_REF,Data/Shapes/source_jpg/shape_0010.jpg,,,PDF_REFERENCE_IMAGE,
0011,11,,,,1,APPROVED_REF,Data/Shapes/source_jpg/shape_0011.jpg,,,PDF_REFERENCE_IMAGE,
0012,12,,,,1,APPROVED_REF,Data/Shapes/source_jpg/shape_0012.jpg,,,PDF_REFERENCE_IMAGE,
0013,13,,,,1,APPROVED_REF,Data/Shapes/source_jpg/shape_0013.jpg,,,PDF_REFERENCE_IMAGE,
0014,14,,,,1,APPROVED_REF,Data/Shapes/source_jpg/shape_0014.jpg,,,PDF_REFERENCE_IMAGE,
0015,15,,,,1,APPROVED_REF,Data/Shapes/source_jpg/shape_0015.jpg,,,PDF_REFERENCE_IMAGE,
0016,16,,,,1,APPROVED_REF,Data/Shapes/source_jpg/shape_0016.jpg,,,PDF_REFERENCE_IMAGE,
0017,17,,,,1,APPROVED_REF,Data/Shapes/source_jpg/shape_0017.jpg,,,PDF_REFERENCE_IMAGE,
0019,19,,,,1,APPROVED_REF,Data/Shapes/source_jpg/shape_0019.jpg,,,PDF_REFERENCE_IMAGE,
0020,20,,,,1,APPROVED_REF,Data/Shapes/source_jpg/shape_0020.jpg,,,PDF_REFERENCE_IMAGE,
0021,21,,,,1,APPROVED_REF,Data/Shapes/source_jpg/shape_0021.jpg,,,PDF_REFERENCE_IMAGE,
0022,22,,,,1,APPROVED_REF,Data/Shapes/source_jpg/shape_0022.jpg,,,PDF_REFERENCE_IMAGE,
0023,23,,,,1,APPROVED_REF,Data/Shapes/source_jpg/shape_0023.jpg,,,PDF_REFERENCE_IMAGE,
0024,24,,,,1,APPROVED_REF,Data/Shapes/source_jpg/shape_0024.jpg,,,PDF_REFERENCE_IMAGE,
0025,25,,,,1,APPROVED_REF,Data/Shapes/source_jpg/shape_0025.jpg,,,PDF_REFERENCE_IMAGE,
0026,26,,,,1,APPROVED_REF,Data/Shapes/source_jpg/shape_0026.jpg,,,PDF_REFERENCE_IMAGE,
0027,27,,,,1,APPROVED_REF,Data/Shapes/source_jpg/shape_0027.jpg,,,PDF_REFERENCE_IMAGE,
0028,28,,,,1,APPROVED_REF,Data/Shapes/source_jpg/shape_0028.jpg,,,PDF_REFERENCE_IMAGE,
0029,29,,,,1,APPROVED_REF,Data/Shapes/source_jpg/shape_0029.jpg,,,PDF_REFERENCE_IMAGE,
0030,30,,,,1,APPROVED_REF,Data/Shapes/source_jpg/shape_0030.jpg,,,PDF_REFERENCE_IMAGE,
0031,31,,,,1,APPROVED_REF,Data/Shapes/source_jpg/shape_0031.jpg,,,PDF_REFERENCE_IMAGE,
0032,32,,,,1,APPROVED_REF,Data/Shapes/source_jpg/shape_0032.jpg,,,PDF_REFERENCE_IMAGE,
0033,33,,,,1,APPROVED_REF,Data/Shapes/source_jpg/shape_0033.jpg,,,PDF_REFERENCE_IMAGE,
0034,34,,,,1,APPROVED_REF,Data/Shapes/source_jpg/shape_0034.jpg,,,PDF_REFERENCE_IMAGE,
0035,35,,,,1,APPROVED_REF,Data/Shapes/source_jpg/shape_0035.jpg,,,PDF_REFERENCE_IMAGE,
0036,36,,,,1,APPROVED_REF,Data/Shapes/source_jpg/shape_0036.jpg,,,PDF_REFERENCE_IMAGE,
0037,37,,,,1,APPROVED_REF,Data/Shapes/source_jpg/shape_0037.jpg,,,PDF_REFERENCE_IMAGE,
0038,38,,,,1,APPROVED_REF,Data/Shapes/source_jpg/shape_0038.jpg,,,PDF_REFERENCE_IMAGE,
0039,39,,,,1,APPROVED_REF,Data/Shapes/source_jpg/shape_0039.jpg,,,PDF_REFERENCE_IMAGE,
0040,40,,,,1,APPROVED_REF,Data/Shapes/source_jpg/shape_0040.jpg,,,PDF_REFERENCE_IMAGE,
0041,41,,,,1,APPROVED_REF,Data/Shapes/source_jpg/shape_0041.jpg,,,PDF_REFERENCE_IMAGE,
0042,42,,,,1,APPROVED_REF,Data/Shapes/source_jpg/shape_0042.jpg,,,PDF_REFERENCE_IMAGE,
0043,43,,,,1,APPROVED_REF,Data/Shapes/source_jpg/shape_0043.jpg,,,PDF_REFERENCE_IMAGE,
0044,44,,,,1,APPROVED_REF,Data/Shapes/source_jpg/shape_0044.jpg,,,PDF_REFERENCE_IMAGE,
0045,45,,,,1,APPROVED_REF,Data/Shapes/source_jpg/shape_0045.jpg,,,PDF_REFERENCE_IMAGE,
0046,46,,,,1,APPROVED_REF,Data/Shapes/source_jpg/shape_0046.jpg,,,PDF_REFERENCE_IMAGE,
0051,51,,,,1,APPROVED_REF,Data/Shapes/source_jpg/shape_0051.jpg,,,PDF_REFERENCE_IMAGE,
0052,52,,,,1,APPROVED_REF,Data/Shapes/source_jpg/shape_0052.jpg,,,PDF_REFERENCE_IMAGE,
0053,53,,,,1,APPROVED_REF,Data/Shapes/source_jpg/shape_0053.jpg,,,PDF_REFERENCE_IMAGE,
0054,54,,,,1,APPROVED_REF,Data/Shapes/source_jpg/shape_0054.jpg,,,PDF_REFERENCE_IMAGE,
0055,55,,,,1,APPROVED_REF,Data/Shapes/source_jpg/shape_0055.jpg,,,PDF_REFERENCE_IMAGE,
0056,56,,,,1,APPROVED_REF,Data/Shapes/source_jpg/shape_0056.jpg,,,PDF_REFERENCE_IMAGE,
0057,57,,,,1,APPROVED_REF,Data/Shapes/source_jpg/shape_0057.jpg,,,PDF_REFERENCE_IMAGE,
0058,58,,,,1,APPROVED_REF,Data/Shapes/source_jpg/shape_0058.jpg,,,PDF_REFERENCE_IMAGE,
0059,59,,,,1,APPROVED_REF,Data/Shapes/source_jpg/shape_0059.jpg,,,PDF_REFERENCE_IMAGE,
0060,60,,,,1,APPROVED_REF,Data/Shapes/source_jpg/shape_0060.jpg,,,PDF_REFERENCE_IMAGE,
0061,61,,,,1,APPROVED_REF,Data/Shapes/source_jpg/shape_0061.jpg,,,PDF_REFERENCE_IMAGE,
0062,62,,,,1,APPROVED_REF,Data/Shapes/source_jpg/shape_0062.jpg,,,PDF_REFERENCE_IMAGE,
0063,63,,,,1,APPROVED_REF,Data/Shapes/source_jpg/shape_0063.jpg,,,PDF_REFERENCE_IMAGE,
0064,64,,,,1,APPROVED_REF,Data/Shapes/source_jpg/shape_0064.jpg,,,PDF_REFERENCE_IMAGE,
0065,65,,,,1,APPROVED_REF,Data/Shapes/source_jpg/shape_0065.jpg,,,PDF_REFERENCE_IMAGE,
0066,66,,,,1,APPROVED_REF,Data/Shapes/source_jpg/shape_0066.jpg,,,PDF_REFERENCE_IMAGE,
0067,67,,,,1,APPROVED_REF,Data/Shapes/source_jpg/shape_0067.jpg,,,PDF_REFERENCE_IMAGE,
0068,68,,,,1,APPROVED_REF,Data/Shapes/source_jpg/shape_0068.jpg,,,PDF_REFERENCE_IMAGE,
0069,69,,,,1,APPROVED_REF,Data/Shapes/source_jpg/shape_0069.jpg,,,PDF_REFERENCE_IMAGE,
0070,70,,,,1,APPROVED_REF,Data/Shapes/source_jpg/shape_0070.jpg,,,PDF_REFERENCE_IMAGE,
0071,71,,,,1,APPROVED_REF,Data/Shapes/source_jpg/shape_0071.jpg,,,PDF_REFERENCE_IMAGE,
0072,72,,,,1,APPROVED_REF,Data/Shapes/source_jpg/shape_0072.jpg,,,PDF_REFERENCE_IMAGE,
0073,73,,,,1,APPROVED_REF,Data/Shapes/source_jpg/shape_0073.jpg,,,PDF_REFERENCE_IMAGE,
0074,74,,,,1,APPROVED_REF,Data/Shapes/source_jpg/shape_0074.jpg,,,PDF_REFERENCE_IMAGE,
0075,75,,,,1,APPROVED_REF,Data/Shapes/source_jpg/shape_0075.jpg,,,PDF_REFERENCE_IMAGE,
0076,76,,,,1,APPROVED_REF,Data/Shapes/source_jpg/shape_0076.jpg,,,PDF_REFERENCE_IMAGE,
0077,77,,,,1,APPROVED_REF,Data/Shapes/source_jpg/shape_0077.jpg,,,PDF_REFERENCE_IMAGE,
0078,78,,,,1,APPROVED_REF,Data/Shapes/source_jpg/shape_0078.jpg,,,PDF_REFERENCE_IMAGE,
0079,79,,,,1,APPROVED_REF,Data/Shapes/source_jpg/shape_0079.jpg,,,PDF_REFERENCE_IMAGE,
0080,80,,,,1,APPROVED_REF,Data/Shapes/source_jpg/shape_0080.jpg,,,PDF_REFERENCE_IMAGE,
0081,81,,,,1,APPROVED_REF,Data/Shapes/source_jpg/shape_0081.jpg,,,PDF_REFERENCE_IMAGE,
0082,82,,,,1,APPROVED_REF,Data/Shapes/source_jpg/shape_0082.jpg,,,PDF_REFERENCE_IMAGE,
0083,83,,,,1,APPROVED_REF,Data/Shapes/source_jpg/shape_0083.jpg,,,PDF_REFERENCE_IMAGE,
0084,84,,,,1,APPROVED_REF,Data/Shapes/source_jpg/shape_0084.jpg,,,PDF_REFERENCE_IMAGE,
0085,85,,,,1,APPROVED_REF,Data/Shapes/source_jpg/shape_0085.jpg,,,PDF_REFERENCE_IMAGE,
0086,86,,,,1,APPROVED_REF,Data/Shapes/source_jpg/shape_0086.jpg,,,PDF_REFERENCE_IMAGE,
0087,87,,,,1,APPROVED_REF,Data/Shapes/source_jpg/shape_0087.jpg,,,PDF_REFERENCE_IMAGE,
0088,88,,,,1,APPROVED_REF,Data/Shapes/source_jpg/shape_0088.jpg,,,PDF_REFERENCE_IMAGE,
0089,89,,,,1,APPROVED_REF,Data/Shapes/source_jpg/shape_0089.jpg,,,PDF_REFERENCE_IMAGE,
0090,90,,,,1,APPROVED_REF,Data/Shapes/source_jpg/shape_0090.jpg,,,PDF_REFERENCE_IMAGE,
0091,91,,,,1,APPROVED_REF,Data/Shapes/source_jpg/shape_0091.jpg,,,PDF_REFERENCE_IMAGE,
0092,92,,,,1,APPROVED_REF,Data/Shapes/source_jpg/shape_0092.jpg,,,PDF_REFERENCE_IMAGE,
0093,93,,,,1,APPROVED_REF,Data/Shapes/source_jpg/shape_0093.jpg,,,PDF_REFERENCE_IMAGE,
0094,94,,,,1,APPROVED_REF,Data/Shapes/source_jpg/shape_0094.jpg,,,PDF_REFERENCE_IMAGE,
0095,95,,,,1,APPROVED_REF,Data/Shapes/source_jpg/shape_0095.jpg,,,PDF_REFERENCE_IMAGE,
0096,96,,,,1,APPROVED_REF,Data/Shapes/source_jpg/shape_0096.jpg,,,PDF_REFERENCE_IMAGE,
0097,97,,,,1,APPROVED_REF,Data/Shapes/source_jpg/shape_0097.jpg,,,PDF_REFERENCE_IMAGE,
0098,98,,,,1,APPROVED_REF,Data/Shapes/source_jpg/shape_0098.jpg,,,PDF_REFERENCE_IMAGE,
0099,99,,,,1,APPROVED_REF,Data/Shapes/source_jpg/shape_0099.jpg,,,PDF_REFERENCE_IMAGE,
0101,101,,,,1,APPROVED_REF,Data/Shapes/source_jpg/shape_0101.jpg,,,PDF_REFERENCE_IMAGE,
0102,102,,,,1,APPROVED_REF,Data/Shapes/source_jpg/shape_0102.jpg,,,PDF_REFERENCE_IMAGE,
0103,103,,,,1,APPROVED_REF,Data/Shapes/source_jpg/shape_0103.jpg,,,PDF_REFERENCE_IMAGE,
0104,104,,,,1,APPROVED_REF,Data/Shapes/source_jpg/shape_0104.jpg,,,PDF_REFERENCE_IMAGE,
0105,105,,,,1,APPROVED_REF,Data/Shapes/source_jpg/shape_0105.jpg,,,PDF_REFERENCE_IMAGE,
0106,106,,,,1,APPROVED_REF,Data/Shapes/source_jpg/shape_0106.jpg,,,PDF_REFERENCE_IMAGE,
0107,107,,,,1,APPROVED_REF,Data/Shapes/source_jpg/shape_0107.jpg,,,PDF_REFERENCE_IMAGE,
0108,108,,,,1,APPROVED_REF,Data/Shapes/source_jpg/shape_0108.jpg,,,PDF_REFERENCE_IMAGE,
0109,109,,,,1,APPROVED_REF,Data/Shapes/source_jpg/shape_0109.jpg,,,PDF_REFERENCE_IMAGE,
0110,110,,,,1,APPROVED_REF,Data/Shapes/source_jpg/shape_0110.jpg,,,PDF_REFERENCE_IMAGE,
0111,111,,,,1,APPROVED_REF,Data/Shapes/source_jpg/shape_0111.jpg,,,PDF_REFERENCE_IMAGE,
0112,112,,,,1,APPROVED_REF,Data/Shapes/source_jpg/shape_0112.jpg,,,PDF_REFERENCE_IMAGE,
0113,113,,,,1,APPROVED_REF,Data/Shapes/source_jpg/shape_0113.jpg,,,PDF_REFERENCE_IMAGE,
0114,114,,,,1,APPROVED_REF,Data/Shapes/source_jpg/shape_0114.jpg,,,PDF_REFERENCE_IMAGE,
0115,115,,,,1,APPROVED_REF,Data/Shapes/source_jpg/shape_0115.jpg,,,PDF_REFERENCE_IMAGE,
0116,116,,,,1,APPROVED_REF,Data/Shapes/source_jpg/shape_0116.jpg,,,PDF_REFERENCE_IMAGE,
0117,117,,,,1,APPROVED_REF,Data/Shapes/source_jpg/shape_0117.jpg,,,PDF_REFERENCE_IMAGE,
0118,118,,,,1,APPROVED_REF,Data/Shapes/source_jpg/shape_0118.jpg,,,PDF_REFERENCE_IMAGE,
0119,119,,,,1,APPROVED_REF,Data/Shapes/source_jpg/shape_0119.jpg,,,PDF_REFERENCE_IMAGE,
0120,120,,,,1,APPROVED_REF,Data/Shapes/source_jpg/shape_0120.jpg,,,PDF_REFERENCE_IMAGE,
0121,121,,,,1,APPROVED_REF,Data/Shapes/source_jpg/shape_0121.jpg,,,PDF_REFERENCE_IMAGE,
0122,122,,,,1,APPROVED_REF,Data/Shapes/source_jpg/shape_0122.jpg,,,PDF_REFERENCE_IMAGE,
0123,123,,,,1,APPROVED_REF,Data/Shapes/source_jpg/shape_0123.jpg,,,PDF_REFERENCE_IMAGE,
0201,201,,,,1,APPROVED_REF,Data/Shapes/source_jpg/shape_0201.jpg,,,PDF_REFERENCE_IMAGE,
0202,202,,,,1,APPROVED_REF,Data/Shapes/source_jpg/shape_0202.jpg,,,PDF_REFERENCE_IMAGE,
0203,203,,,,1,APPROVED_REF,Data/Shapes/source_jpg/shape_0203.jpg,,,PDF_REFERENCE_IMAGE,
0204,204,,,,1,APPROVED_REF,Data/Shapes/source_jpg/shape_0204.jpg,,,PDF_REFERENCE_IMAGE,
0205,205,,,,1,APPROVED_REF,Data/Shapes/source_jpg/shape_0205.jpg,,,PDF_REFERENCE_IMAGE,
0206,206,,,,1,APPROVED_REF,Data/Shapes/source_jpg/shape_0206.jpg,,,PDF_REFERENCE_IMAGE,
0207,207,,,,1,APPROVED_REF,Data/Shapes/source_jpg/shape_0207.jpg,,,PDF_REFERENCE_IMAGE,
0208,208,,,,1,APPROVED_REF,Data/Shapes/source_jpg/shape_0208.jpg,,,PDF_REFERENCE_IMAGE,
0209,209,,,,1,APPROVED_REF,Data/Shapes/source_jpg/shape_0209.jpg,,,PDF_REFERENCE_IMAGE,
0210,210,,,,1,APPROVED_REF,Data/Shapes/source_jpg/shape_0210.jpg,,,PDF_REFERENCE_IMAGE,
0211,211,,,,1,APPROVED_REF,Data/Shapes/source_jpg/shape_0211.jpg,,,PDF_REFERENCE_IMAGE,
0212,212,,,,1,APPROVED_REF,Data/Shapes/source_jpg/shape_0212.jpg,,,PDF_REFERENCE_IMAGE,
0213,213,,,,1,APPROVED_REF,Data/Shapes/source_jpg/shape_0213.jpg,,,PDF_REFERENCE_IMAGE,
0214,214,,,,1,APPROVED_REF,Data/Shapes/source_jpg/shape_0214.jpg,,,PDF_REFERENCE_IMAGE,
0215,215,,,,1,APPROVED_REF,Data/Shapes/source_jpg/shape_0215.jpg,,,PDF_REFERENCE_IMAGE,
0216,216,,,,1,APPROVED_REF,Data/Shapes/source_jpg/shape_0216.jpg,,,PDF_REFERENCE_IMAGE,
0217,217,,,,1,APPROVED_REF,Data/Shapes/source_jpg/shape_0217.jpg,,,PDF_REFERENCE_IMAGE,
0218,218,,,,1,APPROVED_REF,Data/Shapes/source_jpg/shape_0218.jpg,,,PDF_REFERENCE_IMAGE,
0219,219,,,,1,APPROVED_REF,Data/Shapes/source_jpg/shape_0219.jpg,,,PDF_REFERENCE_IMAGE,
0221,221,,,,1,APPROVED_REF,Data/Shapes/source_jpg/shape_0221.jpg,,,PDF_REFERENCE_IMAGE,
0222,222,,,,1,APPROVED_REF,Data/Shapes/source_jpg/shape_0222.jpg,,,PDF_REFERENCE_IMAGE,
0223,223,,,,1,APPROVED_REF,Data/Shapes/source_jpg/shape_0223.jpg,,,PDF_REFERENCE_IMAGE,
0224,224,,,,1,APPROVED_REF,Data/Shapes/source_jpg/shape_0224.jpg,,,PDF_REFERENCE_IMAGE,
0225,225,,,,1,APPROVED_REF,Data/Shapes/source_jpg/shape_0225.jpg,,,PDF_REFERENCE_IMAGE,
0226,226,,,,1,APPROVED_REF,Data/Shapes/source_jpg/shape_0226.jpg,,,PDF_REFERENCE_IMAGE,
0227,227,,,,1,APPROVED_REF,Data/Shapes/source_jpg/shape_0227.jpg,,,PDF_REFERENCE_IMAGE,
0228,228,,,,1,APPROVED_REF,Data/Shapes/source_jpg/shape_0228.jpg,,,PDF_REFERENCE_IMAGE,
0229,229,,,,1,APPROVED_REF,Data/Shapes/source_jpg/shape_0229.jpg,,,PDF_REFERENCE_IMAGE,
0230,230,,,,1,APPROVED_REF,Data/Shapes/source_jpg/shape_0230.jpg,,,PDF_REFERENCE_IMAGE,
0231,231,,,,1,APPROVED_REF,Data/Shapes/source_jpg/shape_0231.jpg,,,PDF_REFERENCE_IMAGE,
0232,232,,,,1,APPROVED_REF,Data/Shapes/source_jpg/shape_0232.jpg,,,PDF_REFERENCE_IMAGE,
0233,233,,,,1,APPROVED_REF,Data/Shapes/source_jpg/shape_0233.jpg,,,PDF_REFERENCE_IMAGE,
0234,234,,,,1,APPROVED_REF,Data/Shapes/source_jpg/shape_0234.jpg,,,PDF_REFERENCE_IMAGE,
0235,235,,,,1,APPROVED_REF,Data/Shapes/source_jpg/shape_0235.jpg,,,PDF_REFERENCE_IMAGE,
0236,236,,,,1,APPROVED_REF,Data/Shapes/source_jpg/shape_0236.jpg,,,PDF_REFERENCE_IMAGE,
0237,237,,,,1,APPROVED_REF,Data/Shapes/source_jpg/shape_0237.jpg,,,PDF_REFERENCE_IMAGE,
0238,238,,,,1,APPROVED_REF,Data/Shapes/source_jpg/shape_0238.jpg,,,PDF_REFERENCE_IMAGE,
0239,239,,,,1,APPROVED_REF,Data/Shapes/source_jpg/shape_0239.jpg,,,PDF_REFERENCE_IMAGE,
0240,240,,,,1,APPROVED_REF,Data/Shapes/source_jpg/shape_0240.jpg,,,PDF_REFERENCE_IMAGE,
0241,241,,,,1,APPROVED_REF,Data/Shapes/source_jpg/shape_0241.jpg,,,PDF_REFERENCE_IMAGE,
0242,242,,,,1,APPROVED_REF,Data/Shapes/source_jpg/shape_0242.jpg,,,PDF_REFERENCE_IMAGE,
0243,243,,,,1,APPROVED_REF,Data/Shapes/source_jpg/shape_0243.jpg,,,PDF_REFERENCE_IMAGE,
0244,244,,,,1,APPROVED_REF,Data/Shapes/source_jpg/shape_0244.jpg,,,PDF_REFERENCE_IMAGE,
0245,245,,,,1,APPROVED_REF,Data/Shapes/source_jpg/shape_0245.jpg,,,PDF_REFERENCE_IMAGE,
0246,246,,,,1,APPROVED_REF,Data/Shapes/source_jpg/shape_0246.jpg,,,PDF_REFERENCE_IMAGE,
0247,247,,,,1,APPROVED_REF,Data/Shapes/source_jpg/shape_0247.jpg,,,PDF_REFERENCE_IMAGE,
0248,248,,,,1,APPROVED_REF,Data/Shapes/source_jpg/shape_0248.jpg,,,PDF_REFERENCE_IMAGE,
0249,249,,,,1,APPROVED_REF,Data/Shapes/source_jpg/shape_0249.jpg,,,PDF_REFERENCE_IMAGE,
0250,250,,,,1,APPROVED_REF,Data/Shapes/source_jpg/shape_0250.jpg,,,PDF_REFERENCE_IMAGE,
0251,251,,,,1,APPROVED_REF,Data/Shapes/source_jpg/shape_0251.jpg,,,PDF_REFERENCE_IMAGE,
0252,252,,,,1,APPROVED_REF,Data/Shapes/source_jpg/shape_0252.jpg,,,PDF_REFERENCE_IMAGE,
0253,253,,,,1,APPROVED_REF,Data/Shapes/source_jpg/shape_0253.jpg,,,PDF_REFERENCE_IMAGE,
0254,254,,,,1,APPROVED_REF,Data/Shapes/source_jpg/shape_0254.jpg,,,PDF_REFERENCE_IMAGE,
0255,255,,,,1,APPROVED_REF,Data/Shapes/source_jpg/shape_0255.jpg,,,PDF_REFERENCE_IMAGE,
0256,256,,,,1,APPROVED_REF,Data/Shapes/source_jpg/shape_0256.jpg,,,PDF_REFERENCE_IMAGE,
0257,257,,,,1,APPROVED_REF,Data/Shapes/source_jpg/shape_0257.jpg,,,PDF_REFERENCE_IMAGE,
0258,258,,,,1,APPROVED_REF,Data/Shapes/source_jpg/shape_0258.jpg,,,PDF_REFERENCE_IMAGE,
0259,259,,,,1,APPROVED_REF,Data/Shapes/source_jpg/shape_0259.jpg,,,PDF_REFERENCE_IMAGE,
0260,260,,,,1,APPROVED_REF,Data/Shapes/source_jpg/shape_0260.jpg,,,PDF_REFERENCE_IMAGE,
0261,261,,,,1,APPROVED_REF,Data/Shapes/source_jpg/shape_0261.jpg,,,PDF_REFERENCE_IMAGE,
0262,262,,,,1,APPROVED_REF,Data/Shapes/source_jpg/shape_0262.jpg,,,PDF_REFERENCE_IMAGE,
0263,263,,,,1,APPROVED_REF,Data/Shapes/source_jpg/shape_0263.jpg,,,PDF_REFERENCE_IMAGE,
0264,264,,,,1,APPROVED_REF,Data/Shapes/source_jpg/shape_0264.jpg,,,PDF_REFERENCE_IMAGE,
0265,265,,,,1,APPROVED_REF,Data/Shapes/source_jpg/shape_0265.jpg,,,PDF_REFERENCE_IMAGE,
0266,266,,,,1,APPROVED_REF,Data/Shapes/source_jpg/shape_0266.jpg,,,PDF_REFERENCE_IMAGE,
0267,267,,,,1,APPROVED_REF,Data/Shapes/source_jpg/shape_0267.jpg,,,PDF_REFERENCE_IMAGE,
0268,268,,,,1,APPROVED_REF,Data/Shapes/source_jpg/shape_0268.jpg,,,PDF_REFERENCE_IMAGE,
0269,269,,,,1,APPROVED_REF,Data/Shapes/source_jpg/shape_0269.jpg,,,PDF_REFERENCE_IMAGE,
0270,270,,,,1,APPROVED_REF,Data/Shapes/source_jpg/shape_0270.jpg,,,PDF_REFERENCE_IMAGE,
0271,271,,,,1,APPROVED_REF,Data/Shapes/source_jpg/shape_0271.jpg,,,PDF_REFERENCE_IMAGE,
0272,272,,,,1,APPROVED_REF,Data/Shapes/source_jpg/shape_0272.jpg,,,PDF_REFERENCE_IMAGE,
0273,273,,,,1,APPROVED_REF,Data/Shapes/source_jpg/shape_0273.jpg,,,PDF_REFERENCE_IMAGE,
0274,274,,,,1,APPROVED_REF,Data/Shapes/source_jpg/shape_0274.jpg,,,PDF_REFERENCE_IMAGE,
0275,275,,,,1,APPROVED_REF,Data/Shapes/source_jpg/shape_0275.jpg,,,PDF_REFERENCE_IMAGE,
0276,276,,,,1,APPROVED_REF,Data/Shapes/source_jpg/shape_0276.jpg,,,PDF_REFERENCE_IMAGE,
0277,277,,,,1,APPROVED_REF,Data/Shapes/source_jpg/shape_0277.jpg,,,PDF_REFERENCE_IMAGE,
0278,278,,,,1,APPROVED_REF,Data/Shapes/source_jpg/shape_0278.jpg,,,PDF_REFERENCE_IMAGE,
0279,279,,,,1,APPROVED_REF,Data/Shapes/source_jpg/shape_0279.jpg,,,PDF_REFERENCE_IMAGE,
0280,280,,,,1,APPROVED_REF,Data/Shapes/source_jpg/shape_0280.jpg,,,PDF_REFERENCE_IMAGE,
0281,281,,,,1,APPROVED_REF,Data/Shapes/source_jpg/shape_0281.jpg,,,PDF_REFERENCE_IMAGE,
0282,282,,,,1,APPROVED_REF,Data/Shapes/source_jpg/shape_0282.jpg,,,PDF_REFERENCE_IMAGE,
0283,283,,,,1,APPROVED_REF,Data/Shapes/source_jpg/shape_0283.jpg,,,PDF_REFERENCE_IMAGE,
0284,284,,,,1,APPROVED_REF,Data/Shapes/source_jpg/shape_0284.jpg,,,PDF_REFERENCE_IMAGE,
0285,285,,,,1,APPROVED_REF,Data/Shapes/source_jpg/shape_0285.jpg,,,PDF_REFERENCE_IMAGE,
0286,286,,,,1,APPROVED_REF,Data/Shapes/source_jpg/shape_0286.jpg,,,PDF_REFERENCE_IMAGE,
0287,287,,,,1,APPROVED_REF,Data/Shapes/source_jpg/shape_0287.jpg,,,PDF_REFERENCE_IMAGE,
0288,288,,,,1,APPROVED_REF,Data/Shapes/source_jpg/shape_0288.jpg,,,PDF_REFERENCE_IMAGE,
0289,289,,,,1,APPROVED_REF,Data/Shapes/source_jpg/shape_0289.jpg,,,PDF_REFERENCE_IMAGE,
0290,290,,,,1,APPROVED_REF,Data/Shapes/source_jpg/shape_0290.jpg,,,PDF_REFERENCE_IMAGE,
0291,291,,,,1,APPROVED_REF,Data/Shapes/source_jpg/shape_0291.jpg,,,PDF_REFERENCE_IMAGE,
0292,292,,,,1,APPROVED_REF,Data/Shapes/source_jpg/shape_0292.jpg,,,PDF_REFERENCE_IMAGE,
0293,293,,,,1,APPROVED_REF,Data/Shapes/source_jpg/shape_0293.jpg,,,PDF_REFERENCE_IMAGE,
0294,294,,,,1,APPROVED_REF,Data/Shapes/source_jpg/shape_0294.jpg,,,PDF_REFERENCE_IMAGE,
0295,295,,,,1,APPROVED_REF,Data/Shapes/source_jpg/shape_0295.jpg,,,PDF_REFERENCE_IMAGE,
0296,296,,,,1,APPROVED_REF,Data/Shapes/source_jpg/shape_0296.jpg,,,PDF_REFERENCE_IMAGE,
0297,297,,,,1,APPROVED_REF,Data/Shapes/source_jpg/shape_0297.jpg,,,PDF_REFERENCE_IMAGE,
0298,298,,,,1,APPROVED_REF,Data/Shapes/source_jpg/shape_0298.jpg,,,PDF_REFERENCE_IMAGE,
0299,299,,,,1,APPROVED_REF,Data/Shapes/source_jpg/shape_0299.jpg,,,PDF_REFERENCE_IMAGE,
0300,300,,,,1,APPROVED_REF,Data/Shapes/source_jpg/shape_0300.jpg,,,PDF_REFERENCE_IMAGE,
0301,301,,,,1,APPROVED_REF,Data/Shapes/source_jpg/shape_0301.jpg,,,PDF_REFERENCE_IMAGE,
0302,302,,,,1,APPROVED_REF,Data/Shapes/source_jpg/shape_0302.jpg,,,PDF_REFERENCE_IMAGE,
0303,303,,,,1,APPROVED_REF,Data/Shapes/source_jpg/shape_0303.jpg,,,PDF_REFERENCE_IMAGE,
0304,304,,,,1,APPROVED_REF,Data/Shapes/source_jpg/shape_0304.jpg,,,PDF_REFERENCE_IMAGE,
0305,305,,,,1,APPROVED_REF,Data/Shapes/source_jpg/shape_0305.jpg,,,PDF_REFERENCE_IMAGE,
0306,306,,,,1,APPROVED_REF,Data/Shapes/source_jpg/shape_0306.jpg,,,PDF_REFERENCE_IMAGE,
0307,307,,,,1,APPROVED_REF,Data/Shapes/source_jpg/shape_0307.jpg,,,PDF_REFERENCE_IMAGE,
0308,308,,,,1,APPROVED_REF,Data/Shapes/source_jpg/shape_0308.jpg,,,PDF_REFERENCE_IMAGE,
0309,309,,,,1,APPROVED_REF,Data/Shapes/source_jpg/shape_0309.jpg,,,PDF_REFERENCE_IMAGE,
0310,310,,,,1,APPROVED_REF,Data/Shapes/source_jpg/shape_0310.jpg,,,PDF_REFERENCE_IMAGE,
0311,311,,,,1,APPROVED_REF,Data/Shapes/source_jpg/shape_0311.jpg,,,PDF_REFERENCE_IMAGE,
0312,312,,,,1,APPROVED_REF,Data/Shapes/source_jpg/shape_0312.jpg,,,PDF_REFERENCE_IMAGE,
0313,313,,,,1,APPROVED_REF,Data/Shapes/source_jpg/shape_0313.jpg,,,PDF_REFERENCE_IMAGE,
0314,314,,,,1,APPROVED_REF,Data/Shapes/source_jpg/shape_0314.jpg,,,PDF_REFERENCE_IMAGE,
0315,315,,,,1,APPROVED_REF,Data/Shapes/source_jpg/shape_0315.jpg,,,PDF_REFERENCE_IMAGE,
0316,316,,,,1,APPROVED_REF,Data/Shapes/source_jpg/shape_0316.jpg,,,PDF_REFERENCE_IMAGE,
0317,317,,,,1,APPROVED_REF,Data/Shapes/source_jpg/shape_0317.jpg,,,PDF_REFERENCE_IMAGE,
0318,318,,,,1,APPROVED_REF,Data/Shapes/source_jpg/shape_0318.jpg,,,PDF_REFERENCE_IMAGE,
0319,319,,,,1,APPROVED_REF,Data/Shapes/source_jpg/shape_0319.jpg,,,PDF_REFERENCE_IMAGE,
0320,320,,,,1,APPROVED_REF,Data/Shapes/source_jpg/shape_0320.jpg,,,PDF_REFERENCE_IMAGE,
0321,321,,,,1,APPROVED_REF,Data/Shapes/source_jpg/shape_0321.jpg,,,PDF_REFERENCE_IMAGE,
0322,322,,,,1,APPROVED_REF,Data/Shapes/source_jpg/shape_0322.jpg,,,PDF_REFERENCE_IMAGE,
0323,323,,,,1,APPROVED_REF,Data/Shapes/source_jpg/shape_0323.jpg,,,PDF_REFERENCE_IMAGE,
0324,324,,,,1,APPROVED_REF,Data/Shapes/source_jpg/shape_0324.jpg,,,PDF_REFERENCE_IMAGE,
0325,325,,,,1,APPROVED_REF,Data/Shapes/source_jpg/shape_0325.jpg,,,PDF_REFERENCE_IMAGE,
0326,326,,,,1,APPROVED_REF,Data/Shapes/source_jpg/shape_0326.jpg,,,PDF_REFERENCE_IMAGE,
0327,327,,,,1,APPROVED_REF,Data/Shapes/source_jpg/shape_0327.jpg,,,PDF_REFERENCE_IMAGE,
0328,328,,,,1,APPROVED_REF,Data/Shapes/source_jpg/shape_0328.jpg,,,PDF_REFERENCE_IMAGE,
0329,329,,,,1,APPROVED_REF,Data/Shapes/source_jpg/shape_0329.jpg,,,PDF_REFERENCE_IMAGE,
0330,330,,,,1,APPROVED_REF,Data/Shapes/source_jpg/shape_0330.jpg,,,PDF_REFERENCE_IMAGE,
0331,331,,,,1,APPROVED_REF,Data/Shapes/source_jpg/shape_0331.jpg,,,PDF_REFERENCE_IMAGE,
0332,332,,,,1,APPROVED_REF,Data/Shapes/source_jpg/shape_0332.jpg,,,PDF_REFERENCE_IMAGE,
0333,333,,,,1,APPROVED_REF,Data/Shapes/source_jpg/shape_0333.jpg,,,PDF_REFERENCE_IMAGE,
0334,334,,,,1,APPROVED_REF,Data/Shapes/source_jpg/shape_0334.jpg,,,PDF_REFERENCE_IMAGE,
0335,335,,,,1,APPROVED_REF,Data/Shapes/source_jpg/shape_0335.jpg,,,PDF_REFERENCE_IMAGE,
0336,336,,,,1,APPROVED_REF,Data/Shapes/source_jpg/shape_0336.jpg,,,PDF_REFERENCE_IMAGE,
0341,341,,,,1,APPROVED_REF,Data/Shapes/source_jpg/shape_0341.jpg,,,PDF_REFERENCE_IMAGE,
0342,342,,,,1,APPROVED_REF,Data/Shapes/source_jpg/shape_0342.jpg,,,PDF_REFERENCE_IMAGE,
0343,343,,,,1,APPROVED_REF,Data/Shapes/source_jpg/shape_0343.jpg,,,PDF_REFERENCE_IMAGE,
0344,344,,,,1,APPROVED_REF,Data/Shapes/source_jpg/shape_0344.jpg,,,PDF_REFERENCE_IMAGE,
0345,345,,,,1,APPROVED_REF,Data/Shapes/source_jpg/shape_0345.jpg,,,PDF_REFERENCE_IMAGE,
0346,346,,,,1,APPROVED_REF,Data/Shapes/source_jpg/shape_0346.jpg,,,PDF_REFERENCE_IMAGE,
0348,348,,,,1,APPROVED_REF,Data/Shapes/source_jpg/shape_0348.jpg,,,PDF_REFERENCE_IMAGE,
0349,349,,,,1,APPROVED_REF,Data/Shapes/source_jpg/shape_0349.jpg,,,PDF_REFERENCE_IMAGE,
0350,350,,,,1,APPROVED_REF,Data/Shapes/source_jpg/shape_0350.jpg,,,PDF_REFERENCE_IMAGE,
0351,351,,,,1,APPROVED_REF,Data/Shapes/source_jpg/shape_0351.jpg,,,PDF_REFERENCE_IMAGE,
0352,352,,,,1,APPROVED_REF,Data/Shapes/source_jpg/shape_0352.jpg,,,PDF_REFERENCE_IMAGE,
0353,353,,,,1,APPROVED_REF,Data/Shapes/source_jpg/shape_0353.jpg,,,PDF_REFERENCE_IMAGE,
0354,354,,,,1,APPROVED_REF,Data/Shapes/source_jpg/shape_0354.jpg,,,PDF_REFERENCE_IMAGE,
0355,355,,,,1,APPROVED_REF,Data/Shapes/source_jpg/shape_0355.jpg,,,PDF_REFERENCE_IMAGE,
0356,356,,,,1,APPROVED_REF,Data/Shapes/source_jpg/shape_0356.jpg,,,PDF_REFERENCE_IMAGE,
0357,357,,,,1,APPROVED_REF,Data/Shapes/source_jpg/shape_0357.jpg,,,PDF_REFERENCE_IMAGE,
0358,358,,,,1,APPROVED_REF,Data/Shapes/source_jpg/shape_0358.jpg,,,PDF_REFERENCE_IMAGE,
0359,359,,,,1,APPROVED_REF,Data/Shapes/source_jpg/shape_0359.jpg,,,PDF_REFERENCE_IMAGE,
0360,360,,,,1,APPROVED_REF,Data/Shapes/source_jpg/shape_0360.jpg,,,PDF_REFERENCE_IMAGE,
0361,361,,,,1,APPROVED_REF,Data/Shapes/source_jpg/shape_0361.jpg,,,PDF_REFERENCE_IMAGE,
0362,362,,,,1,APPROVED_REF,Data/Shapes/source_jpg/shape_0362.jpg,,,PDF_REFERENCE_IMAGE,
0363,363,,,,1,APPROVED_REF,Data/Shapes/source_jpg/shape_0363.jpg,,,PDF_REFERENCE_IMAGE,
0364,364,,,,1,APPROVED_REF,Data/Shapes/source_jpg/shape_0364.jpg,,,PDF_REFERENCE_IMAGE,
0365,365,,,,1,APPROVED_REF,Data/Shapes/source_jpg/shape_0365.jpg,,,PDF_REFERENCE_IMAGE,
0366,366,,,,1,APPROVED_REF,Data/Shapes/source_jpg/shape_0366.jpg,,,PDF_REFERENCE_IMAGE,
0367,367,,,,1,APPROVED_REF,Data/Shapes/source_jpg/shape_0367.jpg,,,PDF_REFERENCE_IMAGE,
0368,368,,,,1,APPROVED_REF,Data/Shapes/source_jpg/shape_0368.jpg,,,PDF_REFERENCE_IMAGE,
0369,369,,,,1,APPROVED_REF,Data/Shapes/source_jpg/shape_0369.jpg,,,PDF_REFERENCE_IMAGE,
0370,370,,,,1,APPROVED_REF,Data/Shapes/source_jpg/shape_0370.jpg,,,PDF_REFERENCE_IMAGE,
0371,371,,,,1,APPROVED_REF,Data/Shapes/source_jpg/shape_0371.jpg,,,PDF_REFERENCE_IMAGE,
0372,372,,,,1,APPROVED_REF,Data/Shapes/source_jpg/shape_0372.jpg,,,PDF_REFERENCE_IMAGE,
0373,373,,,,1,APPROVED_REF,Data/Shapes/source_jpg/shape_0373.jpg,,,PDF_REFERENCE_IMAGE,
0374,374,,,,1,APPROVED_REF,Data/Shapes/source_jpg/shape_0374.jpg,,,PDF_REFERENCE_IMAGE,
0375,375,,,,1,APPROVED_REF,Data/Shapes/source_jpg/shape_0375.jpg,,,PDF_REFERENCE_IMAGE,
0376,376,,,,1,APPROVED_REF,Data/Shapes/source_jpg/shape_0376.jpg,,,PDF_REFERENCE_IMAGE,
0377,377,,,,1,APPROVED_REF,Data/Shapes/source_jpg/shape_0377.jpg,,,PDF_REFERENCE_IMAGE,
0378,378,,,,1,APPROVED_REF,Data/Shapes/source_jpg/shape_0378.jpg,,,PDF_REFERENCE_IMAGE,
0379,379,,,,1,APPROVED_REF,Data/Shapes/source_jpg/shape_0379.jpg,,,PDF_REFERENCE_IMAGE,
0380,380,,,,1,APPROVED_REF,Data/Shapes/source_jpg/shape_0380.jpg,,,PDF_REFERENCE_IMAGE,
0381,381,,,,1,APPROVED_REF,Data/Shapes/source_jpg/shape_0381.jpg,,,PDF_REFERENCE_IMAGE,
0382,382,,,,1,APPROVED_REF,Data/Shapes/source_jpg/shape_0382.jpg,,,PDF_REFERENCE_IMAGE,
0383,383,,,,1,APPROVED_REF,Data/Shapes/source_jpg/shape_0383.jpg,,,PDF_REFERENCE_IMAGE,
0384,384,,,,1,APPROVED_REF,Data/Shapes/source_jpg/shape_0384.jpg,,,PDF_REFERENCE_IMAGE,
0385,385,,,,1,APPROVED_REF,Data/Shapes/source_jpg/shape_0385.jpg,,,PDF_REFERENCE_IMAGE,
0386,386,,,,1,APPROVED_REF,Data/Shapes/source_jpg/shape_0386.jpg,,,PDF_REFERENCE_IMAGE,
0387,387,,,,1,APPROVED_REF,Data/Shapes/source_jpg/shape_0387.jpg,,,PDF_REFERENCE_IMAGE,
0388,388,,,,1,APPROVED_REF,Data/Shapes/source_jpg/shape_0388.jpg,,,PDF_REFERENCE_IMAGE,
0389,389,,,,1,APPROVED_REF,Data/Shapes/source_jpg/shape_0389.jpg,,,PDF_REFERENCE_IMAGE,
0390,390,,,,1,APPROVED_REF,Data/Shapes/source_jpg/shape_0390.jpg,,,PDF_REFERENCE_IMAGE,
0391,391,,,,1,APPROVED_REF,Data/Shapes/source_jpg/shape_0391.jpg,,,PDF_REFERENCE_IMAGE,
0392,392,,,,1,APPROVED_REF,Data/Shapes/source_jpg/shape_0392.jpg,,,PDF_REFERENCE_IMAGE,
0393,393,,,,1,APPROVED_REF,Data/Shapes/source_jpg/shape_0393.jpg,,,PDF_REFERENCE_IMAGE,
0394,394,,,,1,APPROVED_REF,Data/Shapes/source_jpg/shape_0394.jpg,,,PDF_REFERENCE_IMAGE,
0395,395,,,,1,APPROVED_REF,Data/Shapes/source_jpg/shape_0395.jpg,,,PDF_REFERENCE_IMAGE,
0396,396,,,,1,APPROVED_REF,Data/Shapes/source_jpg/shape_0396.jpg,,,PDF_REFERENCE_IMAGE,
0397,397,,,,1,APPROVED_REF,Data/Shapes/source_jpg/shape_0397.jpg,,,PDF_REFERENCE_IMAGE,
0398,398,,,,1,APPROVED_REF,Data/Shapes/source_jpg/shape_0398.jpg,,,PDF_REFERENCE_IMAGE,
0399,399,,,,1,APPROVED_REF,Data/Shapes/source_jpg/shape_0399.jpg,,,PDF_REFERENCE_IMAGE,
0400,400,,,,1,APPROVED_REF,Data/Shapes/source_jpg/shape_0400.jpg,,,PDF_REFERENCE_IMAGE,
0401,401,,,,1,APPROVED_REF,Data/Shapes/source_jpg/shape_0401.jpg,,,PDF_REFERENCE_IMAGE,
0402,402,,,,1,APPROVED_REF,Data/Shapes/source_jpg/shape_0402.jpg,,,PDF_REFERENCE_IMAGE,
0403,403,,,,1,APPROVED_REF,Data/Shapes/source_jpg/shape_0403.jpg,,,PDF_REFERENCE_IMAGE,
0404,404,,,,1,APPROVED_REF,Data/Shapes/source_jpg/shape_0404.jpg,,,PDF_REFERENCE_IMAGE,
0405,405,,,,1,APPROVED_REF,Data/Shapes/source_jpg/shape_0405.jpg,,,PDF_REFERENCE_IMAGE,
0406,406,,,,1,APPROVED_REF,Data/Shapes/source_jpg/shape_0406.jpg,,,PDF_REFERENCE_IMAGE,
0407,407,,,,1,APPROVED_REF,Data/Shapes/source_jpg/shape_0407.jpg,,,PDF_REFERENCE_IMAGE,
0408,408,,,,1,APPROVED_REF,Data/Shapes/source_jpg/shape_0408.jpg,,,PDF_REFERENCE_IMAGE,
0409,409,,,,1,APPROVED_REF,Data/Shapes/source_jpg/shape_0409.jpg,,,PDF_REFERENCE_IMAGE,
0410,410,,,,1,APPROVED_REF,Data/Shapes/source_jpg/shape_0410.jpg,,,PDF_REFERENCE_IMAGE,
0411,411,,,,1,APPROVED_REF,Data/Shapes/source_jpg/shape_0411.jpg,,,PDF_REFERENCE_IMAGE,
0412,412,,,,1,APPROVED_REF,Data/Shapes/source_jpg/shape_0412.jpg,,,PDF_REFERENCE_IMAGE,
0413,413,,,,1,APPROVED_REF,Data/Shapes/source_jpg/shape_0413.jpg,,,PDF_REFERENCE_IMAGE,
0414,414,,,,1,APPROVED_REF,Data/Shapes/source_jpg/shape_0414.jpg,,,PDF_REFERENCE_IMAGE,
0415,415,,,,1,APPROVED_REF,Data/Shapes/source_jpg/shape_0415.jpg,,,PDF_REFERENCE_IMAGE,
0416,416,,,,1,APPROVED_REF,Data/Shapes/source_jpg/shape_0416.jpg,,,PDF_REFERENCE_IMAGE,
0417,417,,,,1,APPROVED_REF,Data/Shapes/source_jpg/shape_0417.jpg,,,PDF_REFERENCE_IMAGE,
0418,418,,,,1,APPROVED_REF,Data/Shapes/source_jpg/shape_0418.jpg,,,PDF_REFERENCE_IMAGE,
0419,419,,,,1,APPROVED_REF,Data/Shapes/source_jpg/shape_0419.jpg,,,PDF_REFERENCE_IMAGE,
0420,420,,,,1,APPROVED_REF,Data/Shapes/source_jpg/shape_0420.jpg,,,PDF_REFERENCE_IMAGE,
0421,421,,,,1,APPROVED_REF,Data/Shapes/source_jpg/shape_0421.jpg,,,PDF_REFERENCE_IMAGE,
0422,422,,,,1,APPROVED_REF,Data/Shapes/source_jpg/shape_0422.jpg,,,PDF_REFERENCE_IMAGE,
0423,423,,,,1,APPROVED_REF,Data/Shapes/source_jpg/shape_0423.jpg,,,PDF_REFERENCE_IMAGE,
0424,424,,,,1,APPROVED_REF,Data/Shapes/source_jpg/shape_0424.jpg,,,PDF_REFERENCE_IMAGE,
0425,425,,,,1,APPROVED_REF,Data/Shapes/source_jpg/shape_0425.jpg,,,PDF_REFERENCE_IMAGE,
0426,426,,,,1,APPROVED_REF,Data/Shapes/source_jpg/shape_0426.jpg,,,PDF_REFERENCE_IMAGE,
0427,427,,,,1,APPROVED_REF,Data/Shapes/source_jpg/shape_0427.jpg,,,PDF_REFERENCE_IMAGE,
0428,428,,,,1,APPROVED_REF,Data/Shapes/source_jpg/shape_0428.jpg,,,PDF_REFERENCE_IMAGE,
0429,429,,,,1,APPROVED_REF,Data/Shapes/source_jpg/shape_0429.jpg,,,PDF_REFERENCE_IMAGE,
0430,430,,,,1,APPROVED_REF,Data/Shapes/source_jpg/shape_0430.jpg,,,PDF_REFERENCE_IMAGE,
0431,431,,,,1,APPROVED_REF,Data/Shapes/source_jpg/shape_0431.jpg,,,PDF_REFERENCE_IMAGE,
0432,432,,,,1,APPROVED_REF,Data/Shapes/source_jpg/shape_0432.jpg,,,PDF_REFERENCE_IMAGE,
0433,433,,,,1,APPROVED_REF,Data/Shapes/source_jpg/shape_0433.jpg,,,PDF_REFERENCE_IMAGE,
0434,434,,,,1,APPROVED_REF,Data/Shapes/source_jpg/shape_0434.jpg,,,PDF_REFERENCE_IMAGE,
0435,435,,,,1,APPROVED_REF,Data/Shapes/source_jpg/shape_0435.jpg,,,PDF_REFERENCE_IMAGE,
0436,436,,,,1,APPROVED_REF,Data/Shapes/source_jpg/shape_0436.jpg,,,PDF_REFERENCE_IMAGE,
0437,437,,,,1,APPROVED_REF,Data/Shapes/source_jpg/shape_0437.jpg,,,PDF_REFERENCE_IMAGE,
0438,438,,,,1,APPROVED_REF,Data/Shapes/source_jpg/shape_0438.jpg,,,PDF_REFERENCE_IMAGE,
0439,439,,,,1,APPROVED_REF,Data/Shapes/source_jpg/shape_0439.jpg,,,PDF_REFERENCE_IMAGE,
0440,440,,,,1,APPROVED_REF,Data/Shapes/source_jpg/shape_0440.jpg,,,PDF_REFERENCE_IMAGE,
0441,441,,,,1,APPROVED_REF,Data/Shapes/source_jpg/shape_0441.jpg,,,PDF_REFERENCE_IMAGE,
0442,442,,,,1,APPROVED_REF,Data/Shapes/source_jpg/shape_0442.jpg,,,PDF_REFERENCE_IMAGE,
0443,443,,,,1,APPROVED_REF,Data/Shapes/source_jpg/shape_0443.jpg,,,PDF_REFERENCE_IMAGE,
0444,444,,,,1,APPROVED_REF,Data/Shapes/source_jpg/shape_0444.jpg,,,PDF_REFERENCE_IMAGE,
0445,445,,,,1,APPROVED_REF,Data/Shapes/source_jpg/shape_0445.jpg,,,PDF_REFERENCE_IMAGE,
0446,446,,,,1,APPROVED_REF,Data/Shapes/source_jpg/shape_0446.jpg,,,PDF_REFERENCE_IMAGE,
0447,447,,,,1,APPROVED_REF,Data/Shapes/source_jpg/shape_0447.jpg,,,PDF_REFERENCE_IMAGE,
0448,448,,,,1,APPROVED_REF,Data/Shapes/source_jpg/shape_0448.jpg,,,PDF_REFERENCE_IMAGE,
0449,449,,,,1,APPROVED_REF,Data/Shapes/source_jpg/shape_0449.jpg,,,PDF_REFERENCE_IMAGE,
0450,450,,,,1,APPROVED_REF,Data/Shapes/source_jpg/shape_0450.jpg,,,PDF_REFERENCE_IMAGE,
0451,451,,,,1,APPROVED_REF,Data/Shapes/source_jpg/shape_0451.jpg,,,PDF_REFERENCE_IMAGE,
0452,452,,,,1,APPROVED_REF,Data/Shapes/source_jpg/shape_0452.jpg,,,PDF_REFERENCE_IMAGE,
0453,453,,,,1,APPROVED_REF,Data/Shapes/source_jpg/shape_0453.jpg,,,PDF_REFERENCE_IMAGE,
0454,454,,,,1,APPROVED_REF,Data/Shapes/source_jpg/shape_0454.jpg,,,PDF_REFERENCE_IMAGE,
0455,455,,,,1,APPROVED_REF,Data/Shapes/source_jpg/shape_0455.jpg,,,PDF_REFERENCE_IMAGE,
0456,456,,,,1,APPROVED_REF,Data/Shapes/source_jpg/shape_0456.jpg,,,PDF_REFERENCE_IMAGE,
0457,457,,,,1,APPROVED_REF,Data/Shapes/source_jpg/shape_0457.jpg,,,PDF_REFERENCE_IMAGE,
0458,458,,,,1,APPROVED_REF,Data/Shapes/source_jpg/shape_0458.jpg,,,PDF_REFERENCE_IMAGE,
0459,459,,,,1,APPROVED_REF,Data/Shapes/source_jpg/shape_0459.jpg,,,PDF_REFERENCE_IMAGE,
0460,460,,,,1,APPROVED_REF,Data/Shapes/source_jpg/shape_0460.jpg,,,PDF_REFERENCE_IMAGE,
0461,461,,,,1,APPROVED_REF,Data/Shapes/source_jpg/shape_0461.jpg,,,PDF_REFERENCE_IMAGE,
0462,462,,,,1,APPROVED_REF,Data/Shapes/source_jpg/shape_0462.jpg,,,PDF_REFERENCE_IMAGE,
0463,463,,,,1,APPROVED_REF,Data/Shapes/source_jpg/shape_0463.jpg,,,PDF_REFERENCE_IMAGE,
0464,464,,,,1,APPROVED_REF,Data/Shapes/source_jpg/shape_0464.jpg,,,PDF_REFERENCE_IMAGE,
0465,465,,,,1,APPROVED_REF,Data/Shapes/source_jpg/shape_0465.jpg,,,PDF_REFERENCE_IMAGE,
0466,466,,,,1,APPROVED_REF,Data/Shapes/source_jpg/shape_0466.jpg,,,PDF_REFERENCE_IMAGE,
0467,467,,,,1,APPROVED_REF,Data/Shapes/source_jpg/shape_0467.jpg,,,PDF_REFERENCE_IMAGE,
0468,468,,,,1,APPROVED_REF,Data/Shapes/source_jpg/shape_0468.jpg,,,PDF_REFERENCE_IMAGE,
0469,469,,,,1,APPROVED_REF,Data/Shapes/source_jpg/shape_0469.jpg,,,PDF_REFERENCE_IMAGE,
0470,470,,,,1,APPROVED_REF,Data/Shapes/source_jpg/shape_0470.jpg,,,PDF_REFERENCE_IMAGE,
0471,471,,,,1,APPROVED_REF,Data/Shapes/source_jpg/shape_0471.jpg,,,PDF_REFERENCE_IMAGE,
0472,472,,,,1,APPROVED_REF,Data/Shapes/source_jpg/shape_0472.jpg,,,PDF_REFERENCE_IMAGE,
0473,473,,,,1,APPROVED_REF,Data/Shapes/source_jpg/shape_0473.jpg,,,PDF_REFERENCE_IMAGE,
0474,474,,,,1,APPROVED_REF,Data/Shapes/source_jpg/shape_0474.jpg,,,PDF_REFERENCE_IMAGE,
0475,475,,,,1,APPROVED_REF,Data/Shapes/source_jpg/shape_0475.jpg,,,PDF_REFERENCE_IMAGE,
0476,476,,,,1,APPROVED_REF,Data/Shapes/source_jpg/shape_0476.jpg,,,PDF_REFERENCE_IMAGE,
0477,477,,,,1,APPROVED_REF,Data/Shapes/source_jpg/shape_0477.jpg,,,PDF_REFERENCE_IMAGE,
0478,478,,,,1,APPROVED_REF,Data/Shapes/source_jpg/shape_0478.jpg,,,PDF_REFERENCE_IMAGE,
0479,479,,,,1,APPROVED_REF,Data/Shapes/source_jpg/shape_0479.jpg,,,PDF_REFERENCE_IMAGE,
0480,480,,,,1,APPROVED_REF,Data/Shapes/source_jpg/shape_0480.jpg,,,PDF_REFERENCE_IMAGE,
0481,481,,,,1,APPROVED_REF,Data/Shapes/source_jpg/shape_0481.jpg,,,PDF_REFERENCE_IMAGE,
0482,482,,,,1,APPROVED_REF,Data/Shapes/source_jpg/shape_0482.jpg,,,PDF_REFERENCE_IMAGE,
0483,483,,,,1,APPROVED_REF,Data/Shapes/source_jpg/shape_0483.jpg,,,PDF_REFERENCE_IMAGE,
0484,484,,,,1,APPROVED_REF,Data/Shapes/source_jpg/shape_0484.jpg,,,PDF_REFERENCE_IMAGE,
0485,485,,,,1,APPROVED_REF,Data/Shapes/source_jpg/shape_0485.jpg,,,PDF_REFERENCE_IMAGE,
0486,486,,,,1,APPROVED_REF,Data/Shapes/source_jpg/shape_0486.jpg,,,PDF_REFERENCE_IMAGE,
0487,487,,,,1,APPROVED_REF,Data/Shapes/source_jpg/shape_0487.jpg,,,PDF_REFERENCE_IMAGE,
0488,488,,,,1,APPROVED_REF,Data/Shapes/source_jpg/shape_0488.jpg,,,PDF_REFERENCE_IMAGE,
0489,489,,,,1,APPROVED_REF,Data/Shapes/source_jpg/shape_0489.jpg,,,PDF_REFERENCE_IMAGE,
0490,490,,,,1,APPROVED_REF,Data/Shapes/source_jpg/shape_0490.jpg,,,PDF_REFERENCE_IMAGE,
0491,491,,,,1,APPROVED_REF,Data/Shapes/source_jpg/shape_0491.jpg,,,PDF_REFERENCE_IMAGE,
0492,492,,,,1,APPROVED_REF,Data/Shapes/source_jpg/shape_0492.jpg,,,PDF_REFERENCE_IMAGE,
0493,493,,,,1,APPROVED_REF,Data/Shapes/source_jpg/shape_0493.jpg,,,PDF_REFERENCE_IMAGE,
0494,494,,,,1,APPROVED_REF,Data/Shapes/source_jpg/shape_0494.jpg,,,PDF_REFERENCE_IMAGE,
0495,495,,,,1,APPROVED_REF,Data/Shapes/source_jpg/shape_0495.jpg,,,PDF_REFERENCE_IMAGE,
0496,496,,,,1,APPROVED_REF,Data/Shapes/source_jpg/shape_0496.jpg,,,PDF_REFERENCE_IMAGE,
0497,497,,,,1,APPROVED_REF,Data/Shapes/source_jpg/shape_0497.jpg,,,PDF_REFERENCE_IMAGE,
0498,498,,,,1,APPROVED_REF,Data/Shapes/source_jpg/shape_0498.jpg,,,PDF_REFERENCE_IMAGE,
0501,501,,,,1,APPROVED_REF,Data/Shapes/source_jpg/shape_0501.jpg,,,PDF_REFERENCE_IMAGE,
0502,502,,,,1,APPROVED_REF,Data/Shapes/source_jpg/shape_0502.jpg,,,PDF_REFERENCE_IMAGE,
0503,503,,,,1,APPROVED_REF,Data/Shapes/source_jpg/shape_0503.jpg,,,PDF_REFERENCE_IMAGE,
0504,504,,,,1,APPROVED_REF,Data/Shapes/source_jpg/shape_0504.jpg,,,PDF_REFERENCE_IMAGE,
0505,505,,,,1,APPROVED_REF,Data/Shapes/source_jpg/shape_0505.jpg,,,PDF_REFERENCE_IMAGE,
0506,506,,,,1,APPROVED_REF,Data/Shapes/source_jpg/shape_0506.jpg,,,PDF_REFERENCE_IMAGE,
0507,507,,,,1,APPROVED_REF,Data/Shapes/source_jpg/shape_0507.jpg,,,PDF_REFERENCE_IMAGE,
0508,508,,,,1,APPROVED_REF,Data/Shapes/source_jpg/shape_0508.jpg,,,PDF_REFERENCE_IMAGE,
0509,509,,,,1,APPROVED_REF,Data/Shapes/source_jpg/shape_0509.jpg,,,PDF_REFERENCE_IMAGE,
0510,510,,,,1,APPROVED_REF,Data/Shapes/source_jpg/shape_0510.jpg,,,PDF_REFERENCE_IMAGE,
0511,511,,,,1,APPROVED_REF,Data/Shapes/source_jpg/shape_0511.jpg,,,PDF_REFERENCE_IMAGE,
0512,512,,,,1,APPROVED_REF,Data/Shapes/source_jpg/shape_0512.jpg,,,PDF_REFERENCE_IMAGE,
0513,513,,,,1,APPROVED_REF,Data/Shapes/source_jpg/shape_0513.jpg,,,PDF_REFERENCE_IMAGE,
0514,514,,,,1,APPROVED_REF,Data/Shapes/source_jpg/shape_0514.jpg,,,PDF_REFERENCE_IMAGE,
0515,515,,,,1,APPROVED_REF,Data/Shapes/source_jpg/shape_0515.jpg,,,PDF_REFERENCE_IMAGE,
0516,516,,,,1,APPROVED_REF,Data/Shapes/source_jpg/shape_0516.jpg,,,PDF_REFERENCE_IMAGE,
0517,517,,,,1,APPROVED_REF,Data/Shapes/source_jpg/shape_0517.jpg,,,PDF_REFERENCE_IMAGE,
0518,518,,,,1,APPROVED_REF,Data/Shapes/source_jpg/shape_0518.jpg,,,PDF_REFERENCE_IMAGE,
0519,519,,,,1,APPROVED_REF,Data/Shapes/source_jpg/shape_0519.jpg,,,PDF_REFERENCE_IMAGE,
0520,520,,,,1,APPROVED_REF,Data/Shapes/source_jpg/shape_0520.jpg,,,PDF_REFERENCE_IMAGE,
0521,521,,,,1,APPROVED_REF,Data/Shapes/source_jpg/shape_0521.jpg,,,PDF_REFERENCE_IMAGE,
0522,522,,,,1,APPROVED_REF,Data/Shapes/source_jpg/shape_0522.jpg,,,PDF_REFERENCE_IMAGE,
0523,523,,,,1,APPROVED_REF,Data/Shapes/source_jpg/shape_0523.jpg,,,PDF_REFERENCE_IMAGE,
0524,524,,,,1,APPROVED_REF,Data/Shapes/source_jpg/shape_0524.jpg,,,PDF_REFERENCE_IMAGE,
0525,525,,,,1,APPROVED_REF,Data/Shapes/source_jpg/shape_0525.jpg,,,PDF_REFERENCE_IMAGE,
0526,526,,,,1,APPROVED_REF,Data/Shapes/source_jpg/shape_0526.jpg,,,PDF_REFERENCE_IMAGE,
0527,527,,,,1,APPROVED_REF,Data/Shapes/source_jpg/shape_0527.jpg,,,PDF_REFERENCE_IMAGE,
0528,528,,,,1,APPROVED_REF,Data/Shapes/source_jpg/shape_0528.jpg,,,PDF_REFERENCE_IMAGE,
0529,529,,,,1,APPROVED_REF,Data/Shapes/source_jpg/shape_0529.jpg,,,PDF_REFERENCE_IMAGE,
0530,530,,,,1,APPROVED_REF,Data/Shapes/source_jpg/shape_0530.jpg,,,PDF_REFERENCE_IMAGE,
0531,531,,,,1,APPROVED_REF,Data/Shapes/source_jpg/shape_0531.jpg,,,PDF_REFERENCE_IMAGE,
0532,532,,,,1,APPROVED_REF,Data/Shapes/source_jpg/shape_0532.jpg,,,PDF_REFERENCE_IMAGE,
0533,533,,,,1,APPROVED_REF,Data/Shapes/source_jpg/shape_0533.jpg,,,PDF_REFERENCE_IMAGE,
0534,534,,,,1,APPROVED_REF,Data/Shapes/source_jpg/shape_0534.jpg,,,PDF_REFERENCE_IMAGE,
0535,535,,,,1,APPROVED_REF,Data/Shapes/source_jpg/shape_0535.jpg,,,PDF_REFERENCE_IMAGE,
0536,536,,,,1,APPROVED_REF,Data/Shapes/source_jpg/shape_0536.jpg,,,PDF_REFERENCE_IMAGE,
0537,537,,,,1,APPROVED_REF,Data/Shapes/source_jpg/shape_0537.jpg,,,PDF_REFERENCE_IMAGE,
0538,538,,,,1,APPROVED_REF,Data/Shapes/source_jpg/shape_0538.jpg,,,PDF_REFERENCE_IMAGE,
0539,539,,,,1,APPROVED_REF,Data/Shapes/source_jpg/shape_0539.jpg,,,PDF_REFERENCE_IMAGE,
0540,540,,,,1,APPROVED_REF,Data/Shapes/source_jpg/shape_0540.jpg,,,PDF_REFERENCE_IMAGE,
0541,541,,,,1,APPROVED_REF,Data/Shapes/source_jpg/shape_0541.jpg,,,PDF_REFERENCE_IMAGE,
0542,542,,,,1,APPROVED_REF,Data/Shapes/source_jpg/shape_0542.jpg,,,PDF_REFERENCE_IMAGE,
0543,543,,,,1,APPROVED_REF,Data/Shapes/source_jpg/shape_0543.jpg,,,PDF_REFERENCE_IMAGE,
0544,544,,,,1,APPROVED_REF,Data/Shapes/source_jpg/shape_0544.jpg,,,PDF_REFERENCE_IMAGE,
0545,545,,,,1,APPROVED_REF,Data/Shapes/source_jpg/shape_0545.jpg,,,PDF_REFERENCE_IMAGE,
0546,546,,,,1,APPROVED_REF,Data/Shapes/source_jpg/shape_0546.jpg,,,PDF_REFERENCE_IMAGE,
0547,547,,,,1,APPROVED_REF,Data/Shapes/source_jpg/shape_0547.jpg,,,PDF_REFERENCE_IMAGE,
0548,548,,,,1,APPROVED_REF,Data/Shapes/source_jpg/shape_0548.jpg,,,PDF_REFERENCE_IMAGE,
0549,549,,,,1,APPROVED_REF,Data/Shapes/source_jpg/shape_0549.jpg,,,PDF_REFERENCE_IMAGE,
0550,550,,,,1,APPROVED_REF,Data/Shapes/source_jpg/shape_0550.jpg,,,PDF_REFERENCE_IMAGE,
0551,551,,,,1,APPROVED_REF,Data/Shapes/source_jpg/shape_0551.jpg,,,PDF_REFERENCE_IMAGE,
0552,552,,,,1,APPROVED_REF,Data/Shapes/source_jpg/shape_0552.jpg,,,PDF_REFERENCE_IMAGE,
0553,553,,,,1,APPROVED_REF,Data/Shapes/source_jpg/shape_0553.jpg,,,PDF_REFERENCE_IMAGE,
0554,554,,,,1,APPROVED_REF,Data/Shapes/source_jpg/shape_0554.jpg,,,PDF_REFERENCE_IMAGE,
0555,555,,,,1,APPROVED_REF,Data/Shapes/source_jpg/shape_0555.jpg,,,PDF_REFERENCE_IMAGE,
0556,556,,,,1,APPROVED_REF,Data/Shapes/source_jpg/shape_0556.jpg,,,PDF_REFERENCE_IMAGE,
0557,557,,,,1,APPROVED_REF,Data/Shapes/source_jpg/shape_0557.jpg,,,PDF_REFERENCE_IMAGE,
0558,558,,,,1,APPROVED_REF,Data/Shapes/source_jpg/shape_0558.jpg,,,PDF_REFERENCE_IMAGE,
0559,559,,,,1,APPROVED_REF,Data/Shapes/source_jpg/shape_0559.jpg,,,PDF_REFERENCE_IMAGE,
0560,560,,,,1,APPROVED_REF,Data/Shapes/source_jpg/shape_0560.jpg,,,PDF_REFERENCE_IMAGE,
0561,561,,,,1,APPROVED_REF,Data/Shapes/source_jpg/shape_0561.jpg,,,PDF_REFERENCE_IMAGE,
0562,562,,,,1,APPROVED_REF,Data/Shapes/source_jpg/shape_0562.jpg,,,PDF_REFERENCE_IMAGE,
0563,563,,,,1,APPROVED_REF,Data/Shapes/source_jpg/shape_0563.jpg,,,PDF_REFERENCE_IMAGE,
0564,564,,,,1,APPROVED_REF,Data/Shapes/source_jpg/shape_0564.jpg,,,PDF_REFERENCE_IMAGE,
0565,565,,,,1,APPROVED_REF,Data/Shapes/source_jpg/shape_0565.jpg,,,PDF_REFERENCE_IMAGE,
0566,566,,,,1,APPROVED_REF,Data/Shapes/source_jpg/shape_0566.jpg,,,PDF_REFERENCE_IMAGE,
0567,567,,,,1,APPROVED_REF,Data/Shapes/source_jpg/shape_0567.jpg,,,PDF_REFERENCE_IMAGE,
0568,568,,,,1,APPROVED_REF,Data/Shapes/source_jpg/shape_0568.jpg,,,PDF_REFERENCE_IMAGE,
0569,569,,,,1,APPROVED_REF,Data/Shapes/source_jpg/shape_0569.jpg,,,PDF_REFERENCE_IMAGE,
0570,570,,,,1,APPROVED_REF,Data/Shapes/source_jpg/shape_0570.jpg,,,PDF_REFERENCE_IMAGE,
0571,571,,,,1,APPROVED_REF,Data/Shapes/source_jpg/shape_0571.jpg,,,PDF_REFERENCE_IMAGE,
0572,572,,,,1,APPROVED_REF,Data/Shapes/source_jpg/shape_0572.jpg,,,PDF_REFERENCE_IMAGE,
0573,573,,,,1,APPROVED_REF,Data/Shapes/source_jpg/shape_0573.jpg,,,PDF_REFERENCE_IMAGE,
0574,574,,,,1,APPROVED_REF,Data/Shapes/source_jpg/shape_0574.jpg,,,PDF_REFERENCE_IMAGE,
0575,575,,,,1,APPROVED_REF,Data/Shapes/source_jpg/shape_0575.jpg,,,PDF_REFERENCE_IMAGE,
0576,576,,,,1,APPROVED_REF,Data/Shapes/source_jpg/shape_0576.jpg,,,PDF_REFERENCE_IMAGE,
0577,577,,,,1,APPROVED_REF,Data/Shapes/source_jpg/shape_0577.jpg,,,PDF_REFERENCE_IMAGE,
0578,578,,,,1,APPROVED_REF,Data/Shapes/source_jpg/shape_0578.jpg,,,PDF_REFERENCE_IMAGE,
0579,579,,,,1,APPROVED_REF,Data/Shapes/source_jpg/shape_0579.jpg,,,PDF_REFERENCE_IMAGE,
0580,580,,,,1,APPROVED_REF,Data/Shapes/source_jpg/shape_0580.jpg,,,PDF_REFERENCE_IMAGE,
0581,581,,,,1,APPROVED_REF,Data/Shapes/source_jpg/shape_0581.jpg,,,PDF_REFERENCE_IMAGE,
0582,582,,,,1,APPROVED_REF,Data/Shapes/source_jpg/shape_0582.jpg,,,PDF_REFERENCE_IMAGE,
0583,583,,,,1,APPROVED_REF,Data/Shapes/source_jpg/shape_0583.jpg,,,PDF_REFERENCE_IMAGE,
0584,584,,,,1,APPROVED_REF,Data/Shapes/source_jpg/shape_0584.jpg,,,PDF_REFERENCE_IMAGE,
0585,585,,,,1,APPROVED_REF,Data/Shapes/source_jpg/shape_0585.jpg,,,PDF_REFERENCE_IMAGE,
0586,586,,,,1,APPROVED_REF,Data/Shapes/source_jpg/shape_0586.jpg,,,PDF_REFERENCE_IMAGE,
0587,587,,,,1,APPROVED_REF,Data/Shapes/source_jpg/shape_0587.jpg,,,PDF_REFERENCE_IMAGE,
0588,588,,,,1,APPROVED_REF,Data/Shapes/source_jpg/shape_0588.jpg,,,PDF_REFERENCE_IMAGE,
0589,589,,,,1,APPROVED_REF,Data/Shapes/source_jpg/shape_0589.jpg,,,PDF_REFERENCE_IMAGE,
0590,590,,,,1,APPROVED_REF,Data/Shapes/source_jpg/shape_0590.jpg,,,PDF_REFERENCE_IMAGE,
0591,591,,,,1,APPROVED_REF,Data/Shapes/source_jpg/shape_0591.jpg,,,PDF_REFERENCE_IMAGE,
0592,592,,,,1,APPROVED_REF,Data/Shapes/source_jpg/shape_0592.jpg,,,PDF_REFERENCE_IMAGE,
0593,593,,,,1,APPROVED_REF,Data/Shapes/source_jpg/shape_0593.jpg,,,PDF_REFERENCE_IMAGE,
0594,594,,,,1,APPROVED_REF,Data/Shapes/source_jpg/shape_0594.jpg,,,PDF_REFERENCE_IMAGE,
0595,595,,,,1,APPROVED_REF,Data/Shapes/source_jpg/shape_0595.jpg,,,PDF_REFERENCE_IMAGE,
0596,596,,,,1,APPROVED_REF,Data/Shapes/source_jpg/shape_0596.jpg,,,PDF_REFERENCE_IMAGE,
0597,597,,,,1,APPROVED_REF,Data/Shapes/source_jpg/shape_0597.jpg,,,PDF_REFERENCE_IMAGE,
0598,598,,,,1,APPROVED_REF,Data/Shapes/source_jpg/shape_0598.jpg,,,PDF_REFERENCE_IMAGE,
0599,599,,,,1,APPROVED_REF,Data/Shapes/source_jpg/shape_0599.jpg,,,PDF_REFERENCE_IMAGE,
0600,600,,,,1,APPROVED_REF,Data/Shapes/source_jpg/shape_0600.jpg,,,PDF_REFERENCE_IMAGE,
0601,601,,,,1,APPROVED_REF,Data/Shapes/source_jpg/shape_0601.jpg,,,PDF_REFERENCE_IMAGE,
0602,602,,,,1,APPROVED_REF,Data/Shapes/source_jpg/shape_0602.jpg,,,PDF_REFERENCE_IMAGE,
0603,603,,,,1,APPROVED_REF,Data/Shapes/source_jpg/shape_0603.jpg,,,PDF_REFERENCE_IMAGE,
0604,604,,,,1,APPROVED_REF,Data/Shapes/source_jpg/shape_0604.jpg,,,PDF_REFERENCE_IMAGE,
0605,605,,,,1,APPROVED_REF,Data/Shapes/source_jpg/shape_0605.jpg,,,PDF_REFERENCE_IMAGE,
0606,606,,,,1,APPROVED_REF,Data/Shapes/source_jpg/shape_0606.jpg,,,PDF_REFERENCE_IMAGE,
0607,607,,,,1,APPROVED_REF,Data/Shapes/source_jpg/shape_0607.jpg,,,PDF_REFERENCE_IMAGE,
0608,608,,,,1,APPROVED_REF,Data/Shapes/source_jpg/shape_0608.jpg,,,PDF_REFERENCE_IMAGE,
0609,609,,,,1,APPROVED_REF,Data/Shapes/source_jpg/shape_0609.jpg,,,PDF_REFERENCE_IMAGE,
0610,610,,,,1,APPROVED_REF,Data/Shapes/source_jpg/shape_0610.jpg,,,PDF_REFERENCE_IMAGE,
0611,611,,,,1,APPROVED_REF,Data/Shapes/source_jpg/shape_0611.jpg,,,PDF_REFERENCE_IMAGE,
0612,612,,,,1,APPROVED_REF,Data/Shapes/source_jpg/shape_0612.jpg,,,PDF_REFERENCE_IMAGE,
0613,613,,,,1,APPROVED_REF,Data/Shapes/source_jpg/shape_0613.jpg,,,PDF_REFERENCE_IMAGE,
0614,614,,,,1,APPROVED_REF,Data/Shapes/source_jpg/shape_0614.jpg,,,PDF_REFERENCE_IMAGE,
0615,615,,,,1,APPROVED_REF,Data/Shapes/source_jpg/shape_0615.jpg,,,PDF_REFERENCE_IMAGE,
0616,616,,,,1,APPROVED_REF,Data/Shapes/source_jpg/shape_0616.jpg,,,PDF_REFERENCE_IMAGE,
0617,617,,,,1,APPROVED_REF,Data/Shapes/source_jpg/shape_0617.jpg,,,PDF_REFERENCE_IMAGE,
0618,618,,,,1,APPROVED_REF,Data/Shapes/source_jpg/shape_0618.jpg,,,PDF_REFERENCE_IMAGE,
0619,619,,,,1,APPROVED_REF,Data/Shapes/source_jpg/shape_0619.jpg,,,PDF_REFERENCE_IMAGE,
0620,620,,,,1,APPROVED_REF,Data/Shapes/source_jpg/shape_0620.jpg,,,PDF_REFERENCE_IMAGE,
0621,621,,,,1,APPROVED_REF,Data/Shapes/source_jpg/shape_0621.jpg,,,PDF_REFERENCE_IMAGE,
0622,622,,,,1,APPROVED_REF,Data/Shapes/source_jpg/shape_0622.jpg,,,PDF_REFERENCE_IMAGE,
0623,623,,,,1,APPROVED_REF,Data/Shapes/source_jpg/shape_0623.jpg,,,PDF_REFERENCE_IMAGE,
0624,624,,,,1,APPROVED_REF,Data/Shapes/source_jpg/shape_0624.jpg,,,PDF_REFERENCE_IMAGE,
0625,625,,,,1,APPROVED_REF,Data/Shapes/source_jpg/shape_0625.jpg,,,PDF_REFERENCE_IMAGE,
0626,626,,,,1,APPROVED_REF,Data/Shapes/source_jpg/shape_0626.jpg,,,PDF_REFERENCE_IMAGE,
0627,627,,,,1,APPROVED_REF,Data/Shapes/source_jpg/shape_0627.jpg,,,PDF_REFERENCE_IMAGE,
0628,628,,,,1,APPROVED_REF,Data/Shapes/source_jpg/shape_0628.jpg,,,PDF_REFERENCE_IMAGE,
0629,629,,,,1,APPROVED_REF,Data/Shapes/source_jpg/shape_0629.jpg,,,PDF_REFERENCE_IMAGE,
0630,630,,,,1,APPROVED_REF,Data/Shapes/source_jpg/shape_0630.jpg,,,PDF_REFERENCE_IMAGE,
0631,631,,,,1,APPROVED_REF,Data/Shapes/source_jpg/shape_0631.jpg,,,PDF_REFERENCE_IMAGE,
0632,632,,,,1,APPROVED_REF,Data/Shapes/source_jpg/shape_0632.jpg,,,PDF_REFERENCE_IMAGE,
0633,633,,,,1,APPROVED_REF,Data/Shapes/source_jpg/shape_0633.jpg,,,PDF_REFERENCE_IMAGE,
0634,634,,,,1,APPROVED_REF,Data/Shapes/source_jpg/shape_0634.jpg,,,PDF_REFERENCE_IMAGE,
0635,635,,,,1,APPROVED_REF,Data/Shapes/source_jpg/shape_0635.jpg,,,PDF_REFERENCE_IMAGE,
0636,636,,,,1,APPROVED_REF,Data/Shapes/source_jpg/shape_0636.jpg,,,PDF_REFERENCE_IMAGE,
0637,637,,,,1,APPROVED_REF,Data/Shapes/source_jpg/shape_0637.jpg,,,PDF_REFERENCE_IMAGE,
0638,638,,,,1,APPROVED_REF,Data/Shapes/source_jpg/shape_0638.jpg,,,PDF_REFERENCE_IMAGE,
0639,639,,,,1,APPROVED_REF,Data/Shapes/source_jpg/shape_0639.jpg,,,PDF_REFERENCE_IMAGE,
0640,640,,,,1,APPROVED_REF,Data/Shapes/source_jpg/shape_0640.jpg,,,PDF_REFERENCE_IMAGE,
0641,641,,,,1,APPROVED_REF,Data/Shapes/source_jpg/shape_0641.jpg,,,PDF_REFERENCE_IMAGE,
0642,642,,,,1,APPROVED_REF,Data/Shapes/source_jpg/shape_0642.jpg,,,PDF_REFERENCE_IMAGE,
0643,643,,,,1,APPROVED_REF,Data/Shapes/source_jpg/shape_0643.jpg,,,PDF_REFERENCE_IMAGE,
0644,644,,,,1,APPROVED_REF,Data/Shapes/source_jpg/shape_0644.jpg,,,PDF_REFERENCE_IMAGE,
0645,645,,,,1,APPROVED_REF,Data/Shapes/source_jpg/shape_0645.jpg,,,PDF_REFERENCE_IMAGE,
0646,646,,,,1,APPROVED_REF,Data/Shapes/source_jpg/shape_0646.jpg,,,PDF_REFERENCE_IMAGE,
0647,647,,,,1,APPROVED_REF,Data/Shapes/source_jpg/shape_0647.jpg,,,PDF_REFERENCE_IMAGE,
0648,648,,,,1,APPROVED_REF,Data/Shapes/source_jpg/shape_0648.jpg,,,PDF_REFERENCE_IMAGE,
0649,649,,,,1,APPROVED_REF,Data/Shapes/source_jpg/shape_0649.jpg,,,PDF_REFERENCE_IMAGE,
0650,650,,,,1,APPROVED_REF,Data/Shapes/source_jpg/shape_0650.jpg,,,PDF_REFERENCE_IMAGE,
0651,651,,,,1,APPROVED_REF,Data/Shapes/source_jpg/shape_0651.jpg,,,PDF_REFERENCE_IMAGE,
0652,652,,,,1,APPROVED_REF,Data/Shapes/source_jpg/shape_0652.jpg,,,PDF_REFERENCE_IMAGE,
0653,653,,,,1,APPROVED_REF,Data/Shapes/source_jpg/shape_0653.jpg,,,PDF_REFERENCE_IMAGE,
0654,654,,,,1,APPROVED_REF,Data/Shapes/source_jpg/shape_0654.jpg,,,PDF_REFERENCE_IMAGE,
0655,655,,,,1,APPROVED_REF,Data/Shapes/source_jpg/shape_0655.jpg,,,PDF_REFERENCE_IMAGE,
0656,656,,,,1,APPROVED_REF,Data/Shapes/source_jpg/shape_0656.jpg,,,PDF_REFERENCE_IMAGE,
0657,657,,,,1,APPROVED_REF,Data/Shapes/source_jpg/shape_0657.jpg,,,PDF_REFERENCE_IMAGE,
0658,658,,,,1,APPROVED_REF,Data/Shapes/source_jpg/shape_0658.jpg,,,PDF_REFERENCE_IMAGE,
0659,659,,,,1,APPROVED_REF,Data/Shapes/source_jpg/shape_0659.jpg,,,PDF_REFERENCE_IMAGE,
0660,660,,,,1,APPROVED_REF,Data/Shapes/source_jpg/shape_0660.jpg,,,PDF_REFERENCE_IMAGE,
0661,661,,,,1,APPROVED_REF,Data/Shapes/source_jpg/shape_0661.jpg,,,PDF_REFERENCE_IMAGE,
0662,662,,,,1,APPROVED_REF,Data/Shapes/source_jpg/shape_0662.jpg,,,PDF_REFERENCE_IMAGE,
0663,663,,,,1,APPROVED_REF,Data/Shapes/source_jpg/shape_0663.jpg,,,PDF_REFERENCE_IMAGE,
0664,664,,,,1,APPROVED_REF,Data/Shapes/source_jpg/shape_0664.jpg,,,PDF_REFERENCE_IMAGE,
0665,665,,,,1,APPROVED_REF,Data/Shapes/source_jpg/shape_0665.jpg,,,PDF_REFERENCE_IMAGE,
0666,666,,,,1,APPROVED_REF,Data/Shapes/source_jpg/shape_0666.jpg,,,PDF_REFERENCE_IMAGE,
0667,667,,,,1,APPROVED_REF,Data/Shapes/source_jpg/shape_0667.jpg,,,PDF_REFERENCE_IMAGE,
0668,668,,,,1,APPROVED_REF,Data/Shapes/source_jpg/shape_0668.jpg,,,PDF_REFERENCE_IMAGE,
0669,669,,,,1,APPROVED_REF,Data/Shapes/source_jpg/shape_0669.jpg,,,PDF_REFERENCE_IMAGE,
0670,670,,,,1,APPROVED_REF,Data/Shapes/source_jpg/shape_0670.jpg,,,PDF_REFERENCE_IMAGE,
0671,671,,,,1,APPROVED_REF,Data/Shapes/source_jpg/shape_0671.jpg,,,PDF_REFERENCE_IMAGE,
0672,672,,,,1,APPROVED_REF,Data/Shapes/source_jpg/shape_0672.jpg,,,PDF_REFERENCE_IMAGE,
0673,673,,,,1,APPROVED_REF,Data/Shapes/source_jpg/shape_0673.jpg,,,PDF_REFERENCE_IMAGE,
0674,674,,,,1,APPROVED_REF,Data/Shapes/source_jpg/shape_0674.jpg,,,PDF_REFERENCE_IMAGE,
0675,675,,,,1,APPROVED_REF,Data/Shapes/source_jpg/shape_0675.jpg,,,PDF_REFERENCE_IMAGE,
0676,676,,,,1,APPROVED_REF,Data/Shapes/source_jpg/shape_0676.jpg,,,PDF_REFERENCE_IMAGE,
0677,677,,,,1,APPROVED_REF,Data/Shapes/source_jpg/shape_0677.jpg,,,PDF_REFERENCE_IMAGE,
0678,678,,,,1,APPROVED_REF,Data/Shapes/source_jpg/shape_0678.jpg,,,PDF_REFERENCE_IMAGE,
0679,679,,,,1,APPROVED_REF,Data/Shapes/source_jpg/shape_0679.jpg,,,PDF_REFERENCE_IMAGE,
0680,680,,,,1,APPROVED_REF,Data/Shapes/source_jpg/shape_0680.jpg,,,PDF_REFERENCE_IMAGE,
0681,681,,,,1,APPROVED_REF,Data/Shapes/source_jpg/shape_0681.jpg,,,PDF_REFERENCE_IMAGE,
0682,682,,,,1,APPROVED_REF,Data/Shapes/source_jpg/shape_0682.jpg,,,PDF_REFERENCE_IMAGE,
0683,683,,,,1,APPROVED_REF,Data/Shapes/source_jpg/shape_0683.jpg,,,PDF_REFERENCE_IMAGE,
0684,684,,,,1,APPROVED_REF,Data/Shapes/source_jpg/shape_0684.jpg,,,PDF_REFERENCE_IMAGE,
0685,685,,,,1,APPROVED_REF,Data/Shapes/source_jpg/shape_0685.jpg,,,PDF_REFERENCE_IMAGE,
0687,687,,,,1,APPROVED_REF,Data/Shapes/source_jpg/shape_0687.jpg,,,PDF_REFERENCE_IMAGE,
0688,688,,,,1,APPROVED_REF,Data/Shapes/source_jpg/shape_0688.jpg,,,PDF_REFERENCE_IMAGE,
0689,689,,,,1,APPROVED_REF,Data/Shapes/source_jpg/shape_0689.jpg,,,PDF_REFERENCE_IMAGE,
0690,690,,,,1,APPROVED_REF,Data/Shapes/source_jpg/shape_0690.jpg,,,PDF_REFERENCE_IMAGE,
0691,691,,,,1,APPROVED_REF,Data/Shapes/source_jpg/shape_0691.jpg,,,PDF_REFERENCE_IMAGE,
0692,692,,,,1,APPROVED_REF,Data/Shapes/source_jpg/shape_0692.jpg,,,PDF_REFERENCE_IMAGE,
0693,693,,,,1,APPROVED_REF,Data/Shapes/source_jpg/shape_0693.jpg,,,PDF_REFERENCE_IMAGE,
0694,694,,,,1,APPROVED_REF,Data/Shapes/source_jpg/shape_0694.jpg,,,PDF_REFERENCE_IMAGE,
0695,695,,,,1,APPROVED_REF,Data/Shapes/source_jpg/shape_0695.jpg,,,PDF_REFERENCE_IMAGE,
0696,696,,,,1,APPROVED_REF,Data/Shapes/source_jpg/shape_0696.jpg,,,PDF_REFERENCE_IMAGE,
0697,697,,,,1,APPROVED_REF,Data/Shapes/source_jpg/shape_0697.jpg,,,PDF_REFERENCE_IMAGE,
0698,698,,,,1,APPROVED_REF,Data/Shapes/source_jpg/shape_0698.jpg,,,PDF_REFERENCE_IMAGE,
0699,699,,,,1,APPROVED_REF,Data/Shapes/source_jpg/shape_0699.jpg,,,PDF_REFERENCE_IMAGE,
0700,700,,,,1,APPROVED_REF,Data/Shapes/source_jpg/shape_0700.jpg,,,PDF_REFERENCE_IMAGE,
0701,701,,,,1,APPROVED_REF,Data/Shapes/source_jpg/shape_0701.jpg,,,PDF_REFERENCE_IMAGE,
0702,702,,,,1,APPROVED_REF,Data/Shapes/source_jpg/shape_0702.jpg,,,PDF_REFERENCE_IMAGE,
0703,703,,,,1,APPROVED_REF,Data/Shapes/source_jpg/shape_0703.jpg,,,PDF_REFERENCE_IMAGE,
0704,704,,,,1,APPROVED_REF,Data/Shapes/source_jpg/shape_0704.jpg,,,PDF_REFERENCE_IMAGE,
0705,705,,,,1,APPROVED_REF,Data/Shapes/source_jpg/shape_0705.jpg,,,PDF_REFERENCE_IMAGE,
0706,706,,,,1,APPROVED_REF,Data/Shapes/source_jpg/shape_0706.jpg,,,PDF_REFERENCE_IMAGE,
0707,707,,,,1,APPROVED_REF,Data/Shapes/source_jpg/shape_0707.jpg,,,PDF_REFERENCE_IMAGE,
0708,708,,,,1,APPROVED_REF,Data/Shapes/source_jpg/shape_0708.jpg,,,PDF_REFERENCE_IMAGE,
0709,709,,,,1,APPROVED_REF,Data/Shapes/source_jpg/shape_0709.jpg,,,PDF_REFERENCE_IMAGE,
0710,710,,,,1,APPROVED_REF,Data/Shapes/source_jpg/shape_0710.jpg,,,PDF_REFERENCE_IMAGE,
0711,711,,,,1,APPROVED_REF,Data/Shapes/source_jpg/shape_0711.jpg,,,PDF_REFERENCE_IMAGE,
0712,712,,,,1,APPROVED_REF,Data/Shapes/source_jpg/shape_0712.jpg,,,PDF_REFERENCE_IMAGE,
0713,713,,,,1,APPROVED_REF,Data/Shapes/source_jpg/shape_0713.jpg,,,PDF_REFERENCE_IMAGE,
0714,714,,,,1,APPROVED_REF,Data/Shapes/source_jpg/shape_0714.jpg,,,PDF_REFERENCE_IMAGE,
0715,715,,,,1,APPROVED_REF,Data/Shapes/source_jpg/shape_0715.jpg,,,PDF_REFERENCE_IMAGE,
0716,716,,,,1,APPROVED_REF,Data/Shapes/source_jpg/shape_0716.jpg,,,PDF_REFERENCE_IMAGE,
0717,717,,,,1,APPROVED_REF,Data/Shapes/source_jpg/shape_0717.jpg,,,PDF_REFERENCE_IMAGE,
0718,718,,,,1,APPROVED_REF,Data/Shapes/source_jpg/shape_0718.jpg,,,PDF_REFERENCE_IMAGE,
0719,719,,,,1,APPROVED_REF,Data/Shapes/source_jpg/shape_0719.jpg,,,PDF_REFERENCE_IMAGE,
0720,720,,,,1,APPROVED_REF,Data/Shapes/source_jpg/shape_0720.jpg,,,PDF_REFERENCE_IMAGE,
0721,721,,,,1,APPROVED_REF,Data/Shapes/source_jpg/shape_0721.jpg,,,PDF_REFERENCE_IMAGE,
0722,722,,,,1,APPROVED_REF,Data/Shapes/source_jpg/shape_0722.jpg,,,PDF_REFERENCE_IMAGE,
0723,723,,,,1,APPROVED_REF,Data/Shapes/source_jpg/shape_0723.jpg,,,PDF_REFERENCE_IMAGE,
0724,724,,,,1,APPROVED_REF,Data/Shapes/source_jpg/shape_0724.jpg,,,PDF_REFERENCE_IMAGE,
0725,725,,,,1,APPROVED_REF,Data/Shapes/source_jpg/shape_0725.jpg,,,PDF_REFERENCE_IMAGE,
0726,726,,,,1,APPROVED_REF,Data/Shapes/source_jpg/shape_0726.jpg,,,PDF_REFERENCE_IMAGE,
0727,727,,,,1,APPROVED_REF,Data/Shapes/source_jpg/shape_0727.jpg,,,PDF_REFERENCE_IMAGE,
0728,728,,,,1,APPROVED_REF,Data/Shapes/source_jpg/shape_0728.jpg,,,PDF_REFERENCE_IMAGE,
0729,729,,,,1,APPROVED_REF,Data/Shapes/source_jpg/shape_0729.jpg,,,PDF_REFERENCE_IMAGE,
0730,730,,,,1,APPROVED_REF,Data/Shapes/source_jpg/shape_0730.jpg,,,PDF_REFERENCE_IMAGE,
0731,731,,,,1,APPROVED_REF,Data/Shapes/source_jpg/shape_0731.jpg,,,PDF_REFERENCE_IMAGE,
0732,732,,,,1,APPROVED_REF,Data/Shapes/source_jpg/shape_0732.jpg,,,PDF_REFERENCE_IMAGE,
0733,733,,,,1,APPROVED_REF,Data/Shapes/source_jpg/shape_0733.jpg,,,PDF_REFERENCE_IMAGE,
0734,734,,,,1,APPROVED_REF,Data/Shapes/source_jpg/shape_0734.jpg,,,PDF_REFERENCE_IMAGE,
0735,735,,,,1,APPROVED_REF,Data/Shapes/source_jpg/shape_0735.jpg,,,PDF_REFERENCE_IMAGE,
0736,736,,,,1,APPROVED_REF,Data/Shapes/source_jpg/shape_0736.jpg,,,PDF_REFERENCE_IMAGE,
0737,737,,,,1,APPROVED_REF,Data/Shapes/source_jpg/shape_0737.jpg,,,PDF_REFERENCE_IMAGE,
0738,738,,,,1,APPROVED_REF,Data/Shapes/source_jpg/shape_0738.jpg,,,PDF_REFERENCE_IMAGE,
0739,739,,,,1,APPROVED_REF,Data/Shapes/source_jpg/shape_0739.jpg,,,PDF_REFERENCE_IMAGE,
0740,740,,,,1,APPROVED_REF,Data/Shapes/source_jpg/shape_0740.jpg,,,PDF_REFERENCE_IMAGE,
0741,741,,,,1,APPROVED_REF,Data/Shapes/source_jpg/shape_0741.jpg,,,PDF_REFERENCE_IMAGE,
0742,742,,,,1,APPROVED_REF,Data/Shapes/source_jpg/shape_0742.jpg,,,PDF_REFERENCE_IMAGE,
0743,743,,,,1,APPROVED_REF,Data/Shapes/source_jpg/shape_0743.jpg,,,PDF_REFERENCE_IMAGE,
0744,744,,,,1,APPROVED_REF,Data/Shapes/source_jpg/shape_0744.jpg,,,PDF_REFERENCE_IMAGE,
0745,745,,,,1,APPROVED_REF,Data/Shapes/source_jpg/shape_0745.jpg,,,PDF_REFERENCE_IMAGE,
0746,746,,,,1,APPROVED_REF,Data/Shapes/source_jpg/shape_0746.jpg,,,PDF_REFERENCE_IMAGE,
0747,747,,,,1,APPROVED_REF,Data/Shapes/source_jpg/shape_0747.jpg,,,PDF_REFERENCE_IMAGE,
0748,748,,,,1,APPROVED_REF,Data/Shapes/source_jpg/shape_0748.jpg,,,PDF_REFERENCE_IMAGE,
0749,749,,,,1,APPROVED_REF,Data/Shapes/source_jpg/shape_0749.jpg,,,PDF_REFERENCE_IMAGE,
0750,750,,,,1,APPROVED_REF,Data/Shapes/source_jpg/shape_0750.jpg,,,PDF_REFERENCE_IMAGE,
0751,751,,,,1,APPROVED_REF,Data/Shapes/source_jpg/shape_0751.jpg,,,PDF_REFERENCE_IMAGE,
0752,752,,,,1,APPROVED_REF,Data/Shapes/source_jpg/shape_0752.jpg,,,PDF_REFERENCE_IMAGE,
0753,753,,,,1,APPROVED_REF,Data/Shapes/source_jpg/shape_0753.jpg,,,PDF_REFERENCE_IMAGE,
0754,754,,,,1,APPROVED_REF,Data/Shapes/source_jpg/shape_0754.jpg,,,PDF_REFERENCE_IMAGE,
0755,755,,,,1,APPROVED_REF,Data/Shapes/source_jpg/shape_0755.jpg,,,PDF_REFERENCE_IMAGE,
0756,756,,,,1,APPROVED_REF,Data/Shapes/source_jpg/shape_0756.jpg,,,PDF_REFERENCE_IMAGE,
0757,757,,,,1,APPROVED_REF,Data/Shapes/source_jpg/shape_0757.jpg,,,PDF_REFERENCE_IMAGE,
0758,758,,,,1,APPROVED_REF,Data/Shapes/source_jpg/shape_0758.jpg,,,PDF_REFERENCE_IMAGE,
0759,759,,,,1,APPROVED_REF,Data/Shapes/source_jpg/shape_0759.jpg,,,PDF_REFERENCE_IMAGE,
0760,760,,,,1,APPROVED_REF,Data/Shapes/source_jpg/shape_0760.jpg,,,PDF_REFERENCE_IMAGE,
0761,761,,,,1,APPROVED_REF,Data/Shapes/source_jpg/shape_0761.jpg,,,PDF_REFERENCE_IMAGE,
0762,762,,,,1,APPROVED_REF,Data/Shapes/source_jpg/shape_0762.jpg,,,PDF_REFERENCE_IMAGE,
0763,763,,,,1,APPROVED_REF,Data/Shapes/source_jpg/shape_0763.jpg,,,PDF_REFERENCE_IMAGE,
0764,764,,,,1,APPROVED_REF,Data/Shapes/source_jpg/shape_0764.jpg,,,PDF_REFERENCE_IMAGE,
0765,765,,,,1,APPROVED_REF,Data/Shapes/source_jpg/shape_0765.jpg,,,PDF_REFERENCE_IMAGE,
0766,766,,,,1,APPROVED_REF,Data/Shapes/source_jpg/shape_0766.jpg,,,PDF_REFERENCE_IMAGE,
0767,767,,,,1,APPROVED_REF,Data/Shapes/source_jpg/shape_0767.jpg,,,PDF_REFERENCE_IMAGE,
0768,768,,,,1,APPROVED_REF,Data/Shapes/source_jpg/shape_0768.jpg,,,PDF_REFERENCE_IMAGE,
0769,769,,,,1,APPROVED_REF,Data/Shapes/source_jpg/shape_0769.jpg,,,PDF_REFERENCE_IMAGE,
0770,770,,,,1,APPROVED_REF,Data/Shapes/source_jpg/shape_0770.jpg,,,PDF_REFERENCE_IMAGE,
0771,771,,,,1,APPROVED_REF,Data/Shapes/source_jpg/shape_0771.jpg,,,PDF_REFERENCE_IMAGE,
0772,772,,,,1,APPROVED_REF,Data/Shapes/source_jpg/shape_0772.jpg,,,PDF_REFERENCE_IMAGE,
0773,773,,,,1,APPROVED_REF,Data/Shapes/source_jpg/shape_0773.jpg,,,PDF_REFERENCE_IMAGE,
0774,774,,,,1,APPROVED_REF,Data/Shapes/source_jpg/shape_0774.jpg,,,PDF_REFERENCE_IMAGE,
0775,775,,,,1,APPROVED_REF,Data/Shapes/source_jpg/shape_0775.jpg,,,PDF_REFERENCE_IMAGE,
0776,776,,,,1,APPROVED_REF,Data/Shapes/source_jpg/shape_0776.jpg,,,PDF_REFERENCE_IMAGE,
0777,777,,,,1,APPROVED_REF,Data/Shapes/source_jpg/shape_0777.jpg,,,PDF_REFERENCE_IMAGE,
0778,778,,,,1,APPROVED_REF,Data/Shapes/source_jpg/shape_0778.jpg,,,PDF_REFERENCE_IMAGE,
0779,779,,,,1,APPROVED_REF,Data/Shapes/source_jpg/shape_0779.jpg,,,PDF_REFERENCE_IMAGE,
0780,780,,,,1,APPROVED_REF,Data/Shapes/source_jpg/shape_0780.jpg,,,PDF_REFERENCE_IMAGE,
0781,781,,,,1,APPROVED_REF,Data/Shapes/source_jpg/shape_0781.jpg,,,PDF_REFERENCE_IMAGE,
0782,782,,,,1,APPROVED_REF,Data/Shapes/source_jpg/shape_0782.jpg,,,PDF_REFERENCE_IMAGE,
0783,783,,,,1,APPROVED_REF,Data/Shapes/source_jpg/shape_0783.jpg,,,PDF_REFERENCE_IMAGE,
0784,784,,,,1,APPROVED_REF,Data/Shapes/source_jpg/shape_0784.jpg,,,PDF_REFERENCE_IMAGE,
0785,785,,,,1,APPROVED_REF,Data/Shapes/source_jpg/shape_0785.jpg,,,PDF_REFERENCE_IMAGE,
0786,786,,,,1,APPROVED_REF,Data/Shapes/source_jpg/shape_0786.jpg,,,PDF_REFERENCE_IMAGE,
0788,788,,,,1,APPROVED_REF,Data/Shapes/source_jpg/shape_0788.jpg,,,PDF_REFERENCE_IMAGE,
0789,789,,,,1,APPROVED_REF,Data/Shapes/source_jpg/shape_0789.jpg,,,PDF_REFERENCE_IMAGE,
0790,790,,,,1,APPROVED_REF,Data/Shapes/source_jpg/shape_0790.jpg,,,PDF_REFERENCE_IMAGE,
0791,791,,,,1,APPROVED_REF,Data/Shapes/source_jpg/shape_0791.jpg,,,PDF_REFERENCE_IMAGE,
0792,792,,,,1,APPROVED_REF,Data/Shapes/source_jpg/shape_0792.jpg,,,PDF_REFERENCE_IMAGE,
0793,793,,,,1,APPROVED_REF,Data/Shapes/source_jpg/shape_0793.jpg,,,PDF_REFERENCE_IMAGE,
0794,794,,,,1,APPROVED_REF,Data/Shapes/source_jpg/shape_0794.jpg,,,PDF_REFERENCE_IMAGE,
0795,795,,,,1,APPROVED_REF,Data/Shapes/source_jpg/shape_0795.jpg,,,PDF_REFERENCE_IMAGE,
0796,796,,,,1,APPROVED_REF,Data/Shapes/source_jpg/shape_0796.jpg,,,PDF_REFERENCE_IMAGE,
0797,797,,,,1,APPROVED_REF,Data/Shapes/source_jpg/shape_0797.jpg,,,PDF_REFERENCE_IMAGE,
0798,798,,,,1,APPROVED_REF,Data/Shapes/source_jpg/shape_0798.jpg,,,PDF_REFERENCE_IMAGE,
0799,799,,,,1,APPROVED_REF,Data/Shapes/source_jpg/shape_0799.jpg,,,PDF_REFERENCE_IMAGE,
0800,800,,,,1,APPROVED_REF,Data/Shapes/source_jpg/shape_0800.jpg,,,PDF_REFERENCE_IMAGE,
0801,801,,,,1,APPROVED_REF,Data/Shapes/source_jpg/shape_0801.jpg,,,PDF_REFERENCE_IMAGE,
0802,802,,,,1,APPROVED_REF,Data/Shapes/source_jpg/shape_0802.jpg,,,PDF_REFERENCE_IMAGE,
0803,803,,,,1,APPROVED_REF,Data/Shapes/source_jpg/shape_0803.jpg,,,PDF_REFERENCE_IMAGE,
0804,804,,,,1,APPROVED_REF,Data/Shapes/source_jpg/shape_0804.jpg,,,PDF_REFERENCE_IMAGE,
0805,805,,,,1,APPROVED_REF,Data/Shapes/source_jpg/shape_0805.jpg,,,PDF_REFERENCE_IMAGE,
0806,806,,,,1,APPROVED_REF,Data/Shapes/source_jpg/shape_0806.jpg,,,PDF_REFERENCE_IMAGE,
0807,807,,,,1,APPROVED_REF,Data/Shapes/source_jpg/shape_0807.jpg,,,PDF_REFERENCE_IMAGE,
0808,808,,,,1,APPROVED_REF,Data/Shapes/source_jpg/shape_0808.jpg,,,PDF_REFERENCE_IMAGE,
0809,809,,,,1,APPROVED_REF,Data/Shapes/source_jpg/shape_0809.jpg,,,PDF_REFERENCE_IMAGE,
0811,811,,,,1,APPROVED_REF,Data/Shapes/source_jpg/shape_0811.jpg,,,PDF_REFERENCE_IMAGE,
0812,812,,,,1,APPROVED_REF,Data/Shapes/source_jpg/shape_0812.jpg,,,PDF_REFERENCE_IMAGE,
0813,813,,,,1,APPROVED_REF,Data/Shapes/source_jpg/shape_0813.jpg,,,PDF_REFERENCE_IMAGE,
0814,814,,,,1,APPROVED_REF,Data/Shapes/source_jpg/shape_0814.jpg,,,PDF_REFERENCE_IMAGE,
0815,815,,,,1,APPROVED_REF,Data/Shapes/source_jpg/shape_0815.jpg,,,PDF_REFERENCE_IMAGE,
0816,816,,,,1,APPROVED_REF,Data/Shapes/source_jpg/shape_0816.jpg,,,PDF_REFERENCE_IMAGE,
0817,817,,,,1,APPROVED_REF,Data/Shapes/source_jpg/shape_0817.jpg,,,PDF_REFERENCE_IMAGE,
0818,818,,,,1,APPROVED_REF,Data/Shapes/source_jpg/shape_0818.jpg,,,PDF_REFERENCE_IMAGE,
0819,819,,,,1,APPROVED_REF,Data/Shapes/source_jpg/shape_0819.jpg,,,PDF_REFERENCE_IMAGE,
0820,820,,,,1,APPROVED_REF,Data/Shapes/source_jpg/shape_0820.jpg,,,PDF_REFERENCE_IMAGE,
0821,821,,,,1,APPROVED_REF,Data/Shapes/source_jpg/shape_0821.jpg,,,PDF_REFERENCE_IMAGE,
0822,822,,,,1,APPROVED_REF,Data/Shapes/source_jpg/shape_0822.jpg,,,PDF_REFERENCE_IMAGE,
0823,823,,,,1,APPROVED_REF,Data/Shapes/source_jpg/shape_0823.jpg,,,PDF_REFERENCE_IMAGE,
0824,824,,,,1,APPROVED_REF,Data/Shapes/source_jpg/shape_0824.jpg,,,PDF_REFERENCE_IMAGE,
0825,825,,,,1,APPROVED_REF,Data/Shapes/source_jpg/shape_0825.jpg,,,PDF_REFERENCE_IMAGE,
0826,826,,,,1,APPROVED_REF,Data/Shapes/source_jpg/shape_0826.jpg,,,PDF_REFERENCE_IMAGE,
0827,827,,,,1,APPROVED_REF,Data/Shapes/source_jpg/shape_0827.jpg,,,PDF_REFERENCE_IMAGE,
0828,828,,,,1,APPROVED_REF,Data/Shapes/source_jpg/shape_0828.jpg,,,PDF_REFERENCE_IMAGE,
0829,829,,,,1,APPROVED_REF,Data/Shapes/source_jpg/shape_0829.jpg,,,PDF_REFERENCE_IMAGE,
0830,830,,,,1,APPROVED_REF,Data/Shapes/source_jpg/shape_0830.jpg,,,PDF_REFERENCE_IMAGE,
0831,831,,,,1,APPROVED_REF,Data/Shapes/source_jpg/shape_0831.jpg,,,PDF_REFERENCE_IMAGE,
0832,832,,,,1,APPROVED_REF,Data/Shapes/source_jpg/shape_0832.jpg,,,PDF_REFERENCE_IMAGE,
0833,833,,,,1,APPROVED_REF,Data/Shapes/source_jpg/shape_0833.jpg,,,PDF_REFERENCE_IMAGE,
0834,834,,,,1,APPROVED_REF,Data/Shapes/source_jpg/shape_0834.jpg,,,PDF_REFERENCE_IMAGE,
0835,835,,,,1,APPROVED_REF,Data/Shapes/source_jpg/shape_0835.jpg,,,PDF_REFERENCE_IMAGE,
0836,836,,,,1,APPROVED_REF,Data/Shapes/source_jpg/shape_0836.jpg,,,PDF_REFERENCE_IMAGE,
0837,837,,,,1,APPROVED_REF,Data/Shapes/source_jpg/shape_0837.jpg,,,PDF_REFERENCE_IMAGE,
0838,838,,,,1,APPROVED_REF,Data/Shapes/source_jpg/shape_0838.jpg,,,PDF_REFERENCE_IMAGE,
0839,839,,,,1,APPROVED_REF,Data/Shapes/source_jpg/shape_0839.jpg,,,PDF_REFERENCE_IMAGE,
0840,840,,,,1,APPROVED_REF,Data/Shapes/source_jpg/shape_0840.jpg,,,PDF_REFERENCE_IMAGE,
0841,841,,,,1,APPROVED_REF,Data/Shapes/source_jpg/shape_0841.jpg,,,PDF_REFERENCE_IMAGE,
0842,842,,,,1,APPROVED_REF,Data/Shapes/source_jpg/shape_0842.jpg,,,PDF_REFERENCE_IMAGE,
0843,843,,,,1,APPROVED_REF,Data/Shapes/source_jpg/shape_0843.jpg,,,PDF_REFERENCE_IMAGE,
0844,844,,,,1,APPROVED_REF,Data/Shapes/source_jpg/shape_0844.jpg,,,PDF_REFERENCE_IMAGE,
0845,845,,,,1,APPROVED_REF,Data/Shapes/source_jpg/shape_0845.jpg,,,PDF_REFERENCE_IMAGE,
0846,846,,,,1,APPROVED_REF,Data/Shapes/source_jpg/shape_0846.jpg,,,PDF_REFERENCE_IMAGE,
0847,847,,,,1,APPROVED_REF,Data/Shapes/source_jpg/shape_0847.jpg,,,PDF_REFERENCE_IMAGE,
0848,848,,,,1,APPROVED_REF,Data/Shapes/source_jpg/shape_0848.jpg,,,PDF_REFERENCE_IMAGE,
0849,849,,,,1,APPROVED_REF,Data/Shapes/source_jpg/shape_0849.jpg,,,PDF_REFERENCE_IMAGE,
0850,850,,,,1,APPROVED_REF,Data/Shapes/source_jpg/shape_0850.jpg,,,PDF_REFERENCE_IMAGE,
0851,851,,,,1,APPROVED_REF,Data/Shapes/source_jpg/shape_0851.jpg,,,PDF_REFERENCE_IMAGE,
0852,852,,,,1,APPROVED_REF,Data/Shapes/source_jpg/shape_0852.jpg,,,PDF_REFERENCE_IMAGE,
0853,853,,,,1,APPROVED_REF,Data/Shapes/source_jpg/shape_0853.jpg,,,PDF_REFERENCE_IMAGE,
0854,854,,,,1,APPROVED_REF,Data/Shapes/source_jpg/shape_0854.jpg,,,PDF_REFERENCE_IMAGE,
0855,855,,,,1,APPROVED_REF,Data/Shapes/source_jpg/shape_0855.jpg,,,PDF_REFERENCE_IMAGE,
0856,856,,,,1,APPROVED_REF,Data/Shapes/source_jpg/shape_0856.jpg,,,PDF_REFERENCE_IMAGE,
0857,857,,,,1,APPROVED_REF,Data/Shapes/source_jpg/shape_0857.jpg,,,PDF_REFERENCE_IMAGE,
0858,858,,,,1,APPROVED_REF,Data/Shapes/source_jpg/shape_0858.jpg,,,PDF_REFERENCE_IMAGE,
0859,859,,,,1,APPROVED_REF,Data/Shapes/source_jpg/shape_0859.jpg,,,PDF_REFERENCE_IMAGE,
0860,860,,,,1,APPROVED_REF,Data/Shapes/source_jpg/shape_0860.jpg,,,PDF_REFERENCE_IMAGE,
0861,861,,,,1,APPROVED_REF,Data/Shapes/source_jpg/shape_0861.jpg,,,PDF_REFERENCE_IMAGE,
0862,862,,,,1,APPROVED_REF,Data/Shapes/source_jpg/shape_0862.jpg,,,PDF_REFERENCE_IMAGE,
0863,863,,,,1,APPROVED_REF,Data/Shapes/source_jpg/shape_0863.jpg,,,PDF_REFERENCE_IMAGE,
0864,864,,,,1,APPROVED_REF,Data/Shapes/source_jpg/shape_0864.jpg,,,PDF_REFERENCE_IMAGE,
0865,865,,,,1,APPROVED_REF,Data/Shapes/source_jpg/shape_0865.jpg,,,PDF_REFERENCE_IMAGE,
0866,866,,,,1,APPROVED_REF,Data/Shapes/source_jpg/shape_0866.jpg,,,PDF_REFERENCE_IMAGE,
0867,867,,,,1,APPROVED_REF,Data/Shapes/source_jpg/shape_0867.jpg,,,PDF_REFERENCE_IMAGE,
0868,868,,,,1,APPROVED_REF,Data/Shapes/source_jpg/shape_0868.jpg,,,PDF_REFERENCE_IMAGE,
0869,869,,,,1,APPROVED_REF,Data/Shapes/source_jpg/shape_0869.jpg,,,PDF_REFERENCE_IMAGE,
0870,870,,,,1,APPROVED_REF,Data/Shapes/source_jpg/shape_0870.jpg,,,PDF_REFERENCE_IMAGE,
0871,871,,,,1,APPROVED_REF,Data/Shapes/source_jpg/shape_0871.jpg,,,PDF_REFERENCE_IMAGE,
0872,872,,,,1,APPROVED_REF,Data/Shapes/source_jpg/shape_0872.jpg,,,PDF_REFERENCE_IMAGE,
0873,873,,,,1,APPROVED_REF,Data/Shapes/source_jpg/shape_0873.jpg,,,PDF_REFERENCE_IMAGE,
0874,874,,,,1,APPROVED_REF,Data/Shapes/source_jpg/shape_0874.jpg,,,PDF_REFERENCE_IMAGE,
0875,875,,,,1,APPROVED_REF,Data/Shapes/source_jpg/shape_0875.jpg,,,PDF_REFERENCE_IMAGE,
0876,876,,,,1,APPROVED_REF,Data/Shapes/source_jpg/shape_0876.jpg,,,PDF_REFERENCE_IMAGE,
0877,877,,,,1,APPROVED_REF,Data/Shapes/source_jpg/shape_0877.jpg,,,PDF_REFERENCE_IMAGE,
0878,878,,,,1,APPROVED_REF,Data/Shapes/source_jpg/shape_0878.jpg,,,PDF_REFERENCE_IMAGE,
0879,879,,,,1,APPROVED_REF,Data/Shapes/source_jpg/shape_0879.jpg,,,PDF_REFERENCE_IMAGE,
0880,880,,,,1,APPROVED_REF,Data/Shapes/source_jpg/shape_0880.jpg,,,PDF_REFERENCE_IMAGE,
0881,881,,,,1,APPROVED_REF,Data/Shapes/source_jpg/shape_0881.jpg,,,PDF_REFERENCE_IMAGE,
0882,882,,,,1,APPROVED_REF,Data/Shapes/source_jpg/shape_0882.jpg,,,PDF_REFERENCE_IMAGE,
0883,883,,,,1,APPROVED_REF,Data/Shapes/source_jpg/shape_0883.jpg,,,PDF_REFERENCE_IMAGE,
0884,884,,,,1,APPROVED_REF,Data/Shapes/source_jpg/shape_0884.jpg,,,PDF_REFERENCE_IMAGE,
0885,885,,,,1,APPROVED_REF,Data/Shapes/source_jpg/shape_0885.jpg,,,PDF_REFERENCE_IMAGE,
0886,886,,,,1,APPROVED_REF,Data/Shapes/source_jpg/shape_0886.jpg,,,PDF_REFERENCE_IMAGE,
0887,887,,,,1,APPROVED_REF,Data/Shapes/source_jpg/shape_0887.jpg,,,PDF_REFERENCE_IMAGE,
0888,888,,,,1,APPROVED_REF,Data/Shapes/source_jpg/shape_0888.jpg,,,PDF_REFERENCE_IMAGE,
0889,889,,,,1,APPROVED_REF,Data/Shapes/source_jpg/shape_0889.jpg,,,PDF_REFERENCE_IMAGE,
0890,890,,,,1,APPROVED_REF,Data/Shapes/source_jpg/shape_0890.jpg,,,PDF_REFERENCE_IMAGE,
0891,891,,,,1,APPROVED_REF,Data/Shapes/source_jpg/shape_0891.jpg,,,PDF_REFERENCE_IMAGE,
0892,892,,,,1,APPROVED_REF,Data/Shapes/source_jpg/shape_0892.jpg,,,PDF_REFERENCE_IMAGE,
0893,893,,,,1,APPROVED_REF,Data/Shapes/source_jpg/shape_0893.jpg,,,PDF_REFERENCE_IMAGE,
0894,894,,,,1,APPROVED_REF,Data/Shapes/source_jpg/shape_0894.jpg,,,PDF_REFERENCE_IMAGE,
0895,895,,,,1,APPROVED_REF,Data/Shapes/source_jpg/shape_0895.jpg,,,PDF_REFERENCE_IMAGE,
0896,896,,,,1,APPROVED_REF,Data/Shapes/source_jpg/shape_0896.jpg,,,PDF_REFERENCE_IMAGE,
0897,897,,,,1,APPROVED_REF,Data/Shapes/source_jpg/shape_0897.jpg,,,PDF_REFERENCE_IMAGE,
0898,898,,,,1,APPROVED_REF,Data/Shapes/source_jpg/shape_0898.jpg,,,PDF_REFERENCE_IMAGE,
0899,899,,,,1,APPROVED_REF,Data/Shapes/source_jpg/shape_0899.jpg,,,PDF_REFERENCE_IMAGE,
0900,900,,,,1,APPROVED_REF,Data/Shapes/source_jpg/shape_0900.jpg,,,PDF_REFERENCE_IMAGE,
0901,901,,,,1,APPROVED_REF,Data/Shapes/source_jpg/shape_0901.jpg,,,PDF_REFERENCE_IMAGE,
0902,902,,,,1,APPROVED_REF,Data/Shapes/source_jpg/shape_0902.jpg,,,PDF_REFERENCE_IMAGE,
0903,903,,,,1,APPROVED_REF,Data/Shapes/source_jpg/shape_0903.jpg,,,PDF_REFERENCE_IMAGE,
0904,904,,,,1,APPROVED_REF,Data/Shapes/source_jpg/shape_0904.jpg,,,PDF_REFERENCE_IMAGE,
0905,905,,,,1,APPROVED_REF,Data/Shapes/source_jpg/shape_0905.jpg,,,PDF_REFERENCE_IMAGE,
0906,906,,,,1,APPROVED_REF,Data/Shapes/source_jpg/shape_0906.jpg,,,PDF_REFERENCE_IMAGE,
0907,907,,,,1,APPROVED_REF,Data/Shapes/source_jpg/shape_0907.jpg,,,PDF_REFERENCE_IMAGE,
0908,908,,,,1,APPROVED_REF,Data/Shapes/source_jpg/shape_0908.jpg,,,PDF_REFERENCE_IMAGE,
0909,909,,,,1,APPROVED_REF,Data/Shapes/source_jpg/shape_0909.jpg,,,PDF_REFERENCE_IMAGE,
0910,910,,,,1,APPROVED_REF,Data/Shapes/source_jpg/shape_0910.jpg,,,PDF_REFERENCE_IMAGE,
0911,911,,,,1,APPROVED_REF,Data/Shapes/source_jpg/shape_0911.jpg,,,PDF_REFERENCE_IMAGE,
0912,912,,,,1,APPROVED_REF,Data/Shapes/source_jpg/shape_0912.jpg,,,PDF_REFERENCE_IMAGE,
0913,913,,,,1,APPROVED_REF,Data/Shapes/source_jpg/shape_0913.jpg,,,PDF_REFERENCE_IMAGE,
0914,914,,,,1,APPROVED_REF,Data/Shapes/source_jpg/shape_0914.jpg,,,PDF_REFERENCE_IMAGE,
0915,915,,,,1,APPROVED_REF,Data/Shapes/source_jpg/shape_0915.jpg,,,PDF_REFERENCE_IMAGE,
0916,916,,,,1,APPROVED_REF,Data/Shapes/source_jpg/shape_0916.jpg,,,PDF_REFERENCE_IMAGE,
0917,917,,,,1,APPROVED_REF,Data/Shapes/source_jpg/shape_0917.jpg,,,PDF_REFERENCE_IMAGE,
0918,918,,,,1,APPROVED_REF,Data/Shapes/source_jpg/shape_0918.jpg,,,PDF_REFERENCE_IMAGE,
0919,919,,,,1,APPROVED_REF,Data/Shapes/source_jpg/shape_0919.jpg,,,PDF_REFERENCE_IMAGE,
0920,920,,,,1,APPROVED_REF,Data/Shapes/source_jpg/shape_0920.jpg,,,PDF_REFERENCE_IMAGE,
0921,921,,,,1,APPROVED_REF,Data/Shapes/source_jpg/shape_0921.jpg,,,PDF_REFERENCE_IMAGE,
0922,922,,,,1,APPROVED_REF,Data/Shapes/source_jpg/shape_0922.jpg,,,PDF_REFERENCE_IMAGE,
0923,923,,,,1,APPROVED_REF,Data/Shapes/source_jpg/shape_0923.jpg,,,PDF_REFERENCE_IMAGE,
0924,924,,,,1,APPROVED_REF,Data/Shapes/source_jpg/shape_0924.jpg,,,PDF_REFERENCE_IMAGE,
0925,925,,,,1,APPROVED_REF,Data/Shapes/source_jpg/shape_0925.jpg,,,PDF_REFERENCE_IMAGE,
0926,926,,,,1,APPROVED_REF,Data/Shapes/source_jpg/shape_0926.jpg,,,PDF_REFERENCE_IMAGE,
0927,927,,,,1,APPROVED_REF,Data/Shapes/source_jpg/shape_0927.jpg,,,PDF_REFERENCE_IMAGE,
0928,928,,,,1,APPROVED_REF,Data/Shapes/source_jpg/shape_0928.jpg,,,PDF_REFERENCE_IMAGE,
0929,929,,,,1,APPROVED_REF,Data/Shapes/source_jpg/shape_0929.jpg,,,PDF_REFERENCE_IMAGE,
0930,930,,,,1,APPROVED_REF,Data/Shapes/source_jpg/shape_0930.jpg,,,PDF_REFERENCE_IMAGE,
0931,931,,,,1,APPROVED_REF,Data/Shapes/source_jpg/shape_0931.jpg,,,PDF_REFERENCE_IMAGE,
0932,932,,,,1,APPROVED_REF,Data/Shapes/source_jpg/shape_0932.jpg,,,PDF_REFERENCE_IMAGE,
0933,933,,,,1,APPROVED_REF,Data/Shapes/source_jpg/shape_0933.jpg,,,PDF_REFERENCE_IMAGE,
0934,934,,,,1,APPROVED_REF,Data/Shapes/source_jpg/shape_0934.jpg,,,PDF_REFERENCE_IMAGE,
0935,935,,,,1,APPROVED_REF,Data/Shapes/source_jpg/shape_0935.jpg,,,PDF_REFERENCE_IMAGE,
0936,936,,,,1,APPROVED_REF,Data/Shapes/source_jpg/shape_0936.jpg,,,PDF_REFERENCE_IMAGE,
0937,937,,,,1,APPROVED_REF,Data/Shapes/source_jpg/shape_0937.jpg,,,PDF_REFERENCE_IMAGE,
0938,938,,,,1,APPROVED_REF,Data/Shapes/source_jpg/shape_0938.jpg,,,PDF_REFERENCE_IMAGE,
0939,939,,,,1,APPROVED_REF,Data/Shapes/source_jpg/shape_0939.jpg,,,PDF_REFERENCE_IMAGE,
0940,940,,,,1,APPROVED_REF,Data/Shapes/source_jpg/shape_0940.jpg,,,PDF_REFERENCE_IMAGE,
0941,941,,,,1,APPROVED_REF,Data/Shapes/source_jpg/shape_0941.jpg,,,PDF_REFERENCE_IMAGE,
0942,942,,,,1,APPROVED_REF,Data/Shapes/source_jpg/shape_0942.jpg,,,PDF_REFERENCE_IMAGE,
0943,943,,,,1,APPROVED_REF,Data/Shapes/source_jpg/shape_0943.jpg,,,PDF_REFERENCE_IMAGE,
0944,944,,,,1,APPROVED_REF,Data/Shapes/source_jpg/shape_0944.jpg,,,PDF_REFERENCE_IMAGE,
0945,945,,,,1,APPROVED_REF,Data/Shapes/source_jpg/shape_0945.jpg,,,PDF_REFERENCE_IMAGE,
0946,946,,,,1,APPROVED_REF,Data/Shapes/source_jpg/shape_0946.jpg,,,PDF_REFERENCE_IMAGE,
0947,947,,,,1,APPROVED_REF,Data/Shapes/source_jpg/shape_0947.jpg,,,PDF_REFERENCE_IMAGE,
0948,948,,,,1,APPROVED_REF,Data/Shapes/source_jpg/shape_0948.jpg,,,PDF_REFERENCE_IMAGE,
0949,949,,,,1,APPROVED_REF,Data/Shapes/source_jpg/shape_0949.jpg,,,PDF_REFERENCE_IMAGE,
0950,950,,,,1,APPROVED_REF,Data/Shapes/source_jpg/shape_0950.jpg,,,PDF_REFERENCE_IMAGE,
0951,951,,,,1,APPROVED_REF,Data/Shapes/source_jpg/shape_0951.jpg,,,PDF_REFERENCE_IMAGE,
0952,952,,,,1,APPROVED_REF,Data/Shapes/source_jpg/shape_0952.jpg,,,PDF_REFERENCE_IMAGE,
0953,953,,,,1,APPROVED_REF,Data/Shapes/source_jpg/shape_0953.jpg,,,PDF_REFERENCE_IMAGE,
0954,954,,,,1,APPROVED_REF,Data/Shapes/source_jpg/shape_0954.jpg,,,PDF_REFERENCE_IMAGE,
0955,955,,,,1,APPROVED_REF,Data/Shapes/source_jpg/shape_0955.jpg,,,PDF_REFERENCE_IMAGE,
0956,956,,,,1,APPROVED_REF,Data/Shapes/source_jpg/shape_0956.jpg,,,PDF_REFERENCE_IMAGE,
0957,957,,,,1,APPROVED_REF,Data/Shapes/source_jpg/shape_0957.jpg,,,PDF_REFERENCE_IMAGE,
0958,958,,,,1,APPROVED_REF,Data/Shapes/source_jpg/shape_0958.jpg,,,PDF_REFERENCE_IMAGE,
0959,959,,,,1,APPROVED_REF,Data/Shapes/source_jpg/shape_0959.jpg,,,PDF_REFERENCE_IMAGE,
0960,960,,,,1,APPROVED_REF,Data/Shapes/source_jpg/shape_0960.jpg,,,PDF_REFERENCE_IMAGE,
0961,961,,,,1,APPROVED_REF,Data/Shapes/source_jpg/shape_0961.jpg,,,PDF_REFERENCE_IMAGE,
0962,962,,,,1,APPROVED_REF,Data/Shapes/source_jpg/shape_0962.jpg,,,PDF_REFERENCE_IMAGE,
0963,963,,,,1,APPROVED_REF,Data/Shapes/source_jpg/shape_0963.jpg,,,PDF_REFERENCE_IMAGE,
0964,964,,,,1,APPROVED_REF,Data/Shapes/source_jpg/shape_0964.jpg,,,PDF_REFERENCE_IMAGE,
0965,965,,,,1,APPROVED_REF,Data/Shapes/source_jpg/shape_0965.jpg,,,PDF_REFERENCE_IMAGE,
0966,966,,,,1,APPROVED_REF,Data/Shapes/source_jpg/shape_0966.jpg,,,PDF_REFERENCE_IMAGE,
0967,967,,,,1,APPROVED_REF,Data/Shapes/source_jpg/shape_0967.jpg,,,PDF_REFERENCE_IMAGE,
0968,968,,,,1,APPROVED_REF,Data/Shapes/source_jpg/shape_0968.jpg,,,PDF_REFERENCE_IMAGE,
0969,969,,,,1,APPROVED_REF,Data/Shapes/source_jpg/shape_0969.jpg,,,PDF_REFERENCE_IMAGE,
0970,970,,,,1,APPROVED_REF,Data/Shapes/source_jpg/shape_0970.jpg,,,PDF_REFERENCE_IMAGE,
0971,971,,,,1,APPROVED_REF,Data/Shapes/source_jpg/shape_0971.jpg,,,PDF_REFERENCE_IMAGE,
0972,972,,,,1,APPROVED_REF,Data/Shapes/source_jpg/shape_0972.jpg,,,PDF_REFERENCE_IMAGE,
0973,973,,,,1,APPROVED_REF,Data/Shapes/source_jpg/shape_0973.jpg,,,PDF_REFERENCE_IMAGE,
0974,974,,,,1,APPROVED_REF,Data/Shapes/source_jpg/shape_0974.jpg,,,PDF_REFERENCE_IMAGE,
0975,975,,,,1,APPROVED_REF,Data/Shapes/source_jpg/shape_0975.jpg,,,PDF_REFERENCE_IMAGE,
0976,976,,,,1,APPROVED_REF,Data/Shapes/source_jpg/shape_0976.jpg,,,PDF_REFERENCE_IMAGE,
0977,977,,,,1,APPROVED_REF,Data/Shapes/source_jpg/shape_0977.jpg,,,PDF_REFERENCE_IMAGE,
0978,978,,,,1,APPROVED_REF,Data/Shapes/source_jpg/shape_0978.jpg,,,PDF_REFERENCE_IMAGE,
0979,979,,,,1,APPROVED_REF,Data/Shapes/source_jpg/shape_0979.jpg,,,PDF_REFERENCE_IMAGE,
0980,980,,,,1,APPROVED_REF,Data/Shapes/source_jpg/shape_0980.jpg,,,PDF_REFERENCE_IMAGE,
0981,981,,,,1,APPROVED_REF,Data/Shapes/source_jpg/shape_0981.jpg,,,PDF_REFERENCE_IMAGE,
0982,982,,,,1,APPROVED_REF,Data/Shapes/source_jpg/shape_0982.jpg,,,PDF_REFERENCE_IMAGE,
0983,983,,,,1,APPROVED_REF,Data/Shapes/source_jpg/shape_0983.jpg,,,PDF_REFERENCE_IMAGE,
0984,984,,,,1,APPROVED_REF,Data/Shapes/source_jpg/shape_0984.jpg,,,PDF_REFERENCE_IMAGE,
0985,985,,,,1,APPROVED_REF,Data/Shapes/source_jpg/shape_0985.jpg,,,PDF_REFERENCE_IMAGE,
0986,986,,,,1,APPROVED_REF,Data/Shapes/source_jpg/shape_0986.jpg,,,PDF_REFERENCE_IMAGE,
0987,987,,,,1,APPROVED_REF,Data/Shapes/source_jpg/shape_0987.jpg,,,PDF_REFERENCE_IMAGE,
0988,988,,,,1,APPROVED_REF,Data/Shapes/source_jpg/shape_0988.jpg,,,PDF_REFERENCE_IMAGE,
0989,989,,,,1,APPROVED_REF,Data/Shapes/source_jpg/shape_0989.jpg,,,PDF_REFERENCE_IMAGE,
0990,990,,,,1,APPROVED_REF,Data/Shapes/source_jpg/shape_0990.jpg,,,PDF_REFERENCE_IMAGE,
0991,991,,,,1,APPROVED_REF,Data/Shapes/source_jpg/shape_0991.jpg,,,PDF_REFERENCE_IMAGE,
0992,992,,,,1,APPROVED_REF,Data/Shapes/source_jpg/shape_0992.jpg,,,PDF_REFERENCE_IMAGE,
0993,993,,,,1,APPROVED_REF,Data/Shapes/source_jpg/shape_0993.jpg,,,PDF_REFERENCE_IMAGE,
0994,994,,,,1,APPROVED_REF,Data/Shapes/source_jpg/shape_0994.jpg,,,PDF_REFERENCE_IMAGE,
0995,995,,,,1,APPROVED_REF,Data/Shapes/source_jpg/shape_0995.jpg,,,PDF_REFERENCE_IMAGE,
0996,996,,,,1,APPROVED_REF,Data/Shapes/source_jpg/shape_0996.jpg,,,PDF_REFERENCE_IMAGE,
0997,997,,,,1,APPROVED_REF,Data/Shapes/source_jpg/shape_0997.jpg,,,PDF_REFERENCE_IMAGE,
0998,998,,,,1,APPROVED_REF,Data/Shapes/source_jpg/shape_0998.jpg,,,PDF_REFERENCE_IMAGE,
0999,999,,,,1,APPROVED_REF,Data/Shapes/source_jpg/shape_0999.jpg,,,PDF_REFERENCE_IMAGE,
1000,1000,,,,1,APPROVED_REF,Data/Shapes/source_jpg/shape_1000.jpg,,,PDF_REFERENCE_IMAGE,
1001,1001,,,,1,APPROVED_REF,Data/Shapes/source_jpg/shape_1001.jpg,,,PDF_REFERENCE_IMAGE,
1002,1002,,,,1,APPROVED_REF,Data/Shapes/source_jpg/shape_1002.jpg,,,PDF_REFERENCE_IMAGE,
1003,1003,,,,1,APPROVED_REF,Data/Shapes/source_jpg/shape_1003.jpg,,,PDF_REFERENCE_IMAGE,
1004,1004,,,,1,APPROVED_REF,Data/Shapes/source_jpg/shape_1004.jpg,,,PDF_REFERENCE_IMAGE,
1005,1005,,,,1,APPROVED_REF,Data/Shapes/source_jpg/shape_1005.jpg,,,PDF_REFERENCE_IMAGE,
1006,1006,,,,1,APPROVED_REF,Data/Shapes/source_jpg/shape_1006.jpg,,,PDF_REFERENCE_IMAGE,
1007,1007,,,,1,APPROVED_REF,Data/Shapes/source_jpg/shape_1007.jpg,,,PDF_REFERENCE_IMAGE,
1008,1008,,,,1,APPROVED_REF,Data/Shapes/source_jpg/shape_1008.jpg,,,PDF_REFERENCE_IMAGE,
1009,1009,,,,1,APPROVED_REF,Data/Shapes/source_jpg/shape_1009.jpg,,,PDF_REFERENCE_IMAGE,
1010,1010,,,,1,APPROVED_REF,Data/Shapes/source_jpg/shape_1010.jpg,,,PDF_REFERENCE_IMAGE,
1011,1011,,,,1,APPROVED_REF,Data/Shapes/source_jpg/shape_1011.jpg,,,PDF_REFERENCE_IMAGE,
1012,1012,,,,1,APPROVED_REF,Data/Shapes/source_jpg/shape_1012.jpg,,,PDF_REFERENCE_IMAGE,
1013,1013,,,,1,APPROVED_REF,Data/Shapes/source_jpg/shape_1013.jpg,,,PDF_REFERENCE_IMAGE,
1014,1014,,,,1,APPROVED_REF,Data/Shapes/source_jpg/shape_1014.jpg,,,PDF_REFERENCE_IMAGE,
1015,1015,,,,1,APPROVED_REF,Data/Shapes/source_jpg/shape_1015.jpg,,,PDF_REFERENCE_IMAGE,
1016,1016,,,,1,APPROVED_REF,Data/Shapes/source_jpg/shape_1016.jpg,,,PDF_REFERENCE_IMAGE,
1017,1017,,,,1,APPROVED_REF,Data/Shapes/source_jpg/shape_1017.jpg,,,PDF_REFERENCE_IMAGE,
1018,1018,,,,1,APPROVED_REF,Data/Shapes/source_jpg/shape_1018.jpg,,,PDF_REFERENCE_IMAGE,
1019,1019,,,,1,APPROVED_REF,Data/Shapes/source_jpg/shape_1019.jpg,,,PDF_REFERENCE_IMAGE,
1020,1020,,,,1,APPROVED_REF,Data/Shapes/source_jpg/shape_1020.jpg,,,PDF_REFERENCE_IMAGE,
1021,1021,,,,1,APPROVED_REF,Data/Shapes/source_jpg/shape_1021.jpg,,,PDF_REFERENCE_IMAGE,
1022,1022,,,,1,APPROVED_REF,Data/Shapes/source_jpg/shape_1022.jpg,,,PDF_REFERENCE_IMAGE,
1023,1023,,,,1,APPROVED_REF,Data/Shapes/source_jpg/shape_1023.jpg,,,PDF_REFERENCE_IMAGE,
1024,1024,,,,1,APPROVED_REF,Data/Shapes/source_jpg/shape_1024.jpg,,,PDF_REFERENCE_IMAGE,
1025,1025,,,,1,APPROVED_REF,Data/Shapes/source_jpg/shape_1025.jpg,,,PDF_REFERENCE_IMAGE,
1026,1026,,,,1,APPROVED_REF,Data/Shapes/source_jpg/shape_1026.jpg,,,PDF_REFERENCE_IMAGE,
1027,1027,,,,1,APPROVED_REF,Data/Shapes/source_jpg/shape_1027.jpg,,,PDF_REFERENCE_IMAGE,
1028,1028,,,,1,APPROVED_REF,Data/Shapes/source_jpg/shape_1028.jpg,,,PDF_REFERENCE_IMAGE,
1029,1029,,,,1,APPROVED_REF,Data/Shapes/source_jpg/shape_1029.jpg,,,PDF_REFERENCE_IMAGE,
1030,1030,,,,1,APPROVED_REF,Data/Shapes/source_jpg/shape_1030.jpg,,,PDF_REFERENCE_IMAGE,
1031,1031,,,,1,APPROVED_REF,Data/Shapes/source_jpg/shape_1031.jpg,,,PDF_REFERENCE_IMAGE,
1032,1032,,,,1,APPROVED_REF,Data/Shapes/source_jpg/shape_1032.jpg,,,PDF_REFERENCE_IMAGE,
1033,1033,,,,1,APPROVED_REF,Data/Shapes/source_jpg/shape_1033.jpg,,,PDF_REFERENCE_IMAGE,
1034,1034,,,,1,APPROVED_REF,Data/Shapes/source_jpg/shape_1034.jpg,,,PDF_REFERENCE_IMAGE,
1035,1035,,,,1,APPROVED_REF,Data/Shapes/source_jpg/shape_1035.jpg,,,PDF_REFERENCE_IMAGE,
1036,1036,,,,1,APPROVED_REF,Data/Shapes/source_jpg/shape_1036.jpg,,,PDF_REFERENCE_IMAGE,
1037,1037,,,,1,APPROVED_REF,Data/Shapes/source_jpg/shape_1037.jpg,,,PDF_REFERENCE_IMAGE,
1038,1038,,,,1,APPROVED_REF,Data/Shapes/source_jpg/shape_1038.jpg,,,PDF_REFERENCE_IMAGE,
1039,1039,,,,1,APPROVED_REF,Data/Shapes/source_jpg/shape_1039.jpg,,,PDF_REFERENCE_IMAGE,
1040,1040,,,,1,APPROVED_REF,Data/Shapes/source_jpg/shape_1040.jpg,,,PDF_REFERENCE_IMAGE,
1041,1041,,,,1,APPROVED_REF,Data/Shapes/source_jpg/shape_1041.jpg,,,PDF_REFERENCE_IMAGE,
1042,1042,,,,1,APPROVED_REF,Data/Shapes/source_jpg/shape_1042.jpg,,,PDF_REFERENCE_IMAGE,
1043,1043,,,,1,APPROVED_REF,Data/Shapes/source_jpg/shape_1043.jpg,,,PDF_REFERENCE_IMAGE,
1044,1044,,,,1,APPROVED_REF,Data/Shapes/source_jpg/shape_1044.jpg,,,PDF_REFERENCE_IMAGE,
1045,1045,,,,1,APPROVED_REF,Data/Shapes/source_jpg/shape_1045.jpg,,,PDF_REFERENCE_IMAGE,
1046,1046,,,,1,APPROVED_REF,Data/Shapes/source_jpg/shape_1046.jpg,,,PDF_REFERENCE_IMAGE,
1047,1047,,,,1,APPROVED_REF,Data/Shapes/source_jpg/shape_1047.jpg,,,PDF_REFERENCE_IMAGE,
1048,1048,,,,1,APPROVED_REF,Data/Shapes/source_jpg/shape_1048.jpg,,,PDF_REFERENCE_IMAGE,
1049,1049,,,,1,APPROVED_REF,Data/Shapes/source_jpg/shape_1049.jpg,,,PDF_REFERENCE_IMAGE,
1050,1050,,,,1,APPROVED_REF,Data/Shapes/source_jpg/shape_1050.jpg,,,PDF_REFERENCE_IMAGE,
1051,1051,,,,1,APPROVED_REF,Data/Shapes/source_jpg/shape_1051.jpg,,,PDF_REFERENCE_IMAGE,
1052,1052,,,,1,APPROVED_REF,Data/Shapes/source_jpg/shape_1052.jpg,,,PDF_REFERENCE_IMAGE,
1053,1053,,,,1,APPROVED_REF,Data/Shapes/source_jpg/shape_1053.jpg,,,PDF_REFERENCE_IMAGE,
1054,1054,,,,1,APPROVED_REF,Data/Shapes/source_jpg/shape_1054.jpg,,,PDF_REFERENCE_IMAGE,
1055,1055,,,,1,APPROVED_REF,Data/Shapes/source_jpg/shape_1055.jpg,,,PDF_REFERENCE_IMAGE,
1056,1056,,,,1,APPROVED_REF,Data/Shapes/source_jpg/shape_1056.jpg,,,PDF_REFERENCE_IMAGE,
1057,1057,,,,1,APPROVED_REF,Data/Shapes/source_jpg/shape_1057.jpg,,,PDF_REFERENCE_IMAGE,
1058,1058,,,,1,APPROVED_REF,Data/Shapes/source_jpg/shape_1058.jpg,,,PDF_REFERENCE_IMAGE,
1059,1059,,,,1,APPROVED_REF,Data/Shapes/source_jpg/shape_1059.jpg,,,PDF_REFERENCE_IMAGE,
1060,1060,,,,1,APPROVED_REF,Data/Shapes/source_jpg/shape_1060.jpg,,,PDF_REFERENCE_IMAGE,
1061,1061,,,,1,APPROVED_REF,Data/Shapes/source_jpg/shape_1061.jpg,,,PDF_REFERENCE_IMAGE,
1062,1062,,,,1,APPROVED_REF,Data/Shapes/source_jpg/shape_1062.jpg,,,PDF_REFERENCE_IMAGE,
1063,1063,,,,1,APPROVED_REF,Data/Shapes/source_jpg/shape_1063.jpg,,,PDF_REFERENCE_IMAGE,
1064,1064,,,,1,APPROVED_REF,Data/Shapes/source_jpg/shape_1064.jpg,,,PDF_REFERENCE_IMAGE,
1065,1065,,,,1,APPROVED_REF,Data/Shapes/source_jpg/shape_1065.jpg,,,PDF_REFERENCE_IMAGE,
1066,1066,,,,1,APPROVED_REF,Data/Shapes/source_jpg/shape_1066.jpg,,,PDF_REFERENCE_IMAGE,
1067,1067,,,,1,APPROVED_REF,Data/Shapes/source_jpg/shape_1067.jpg,,,PDF_REFERENCE_IMAGE,
1068,1068,,,,1,APPROVED_REF,Data/Shapes/source_jpg/shape_1068.jpg,,,PDF_REFERENCE_IMAGE,
1069,1069,,,,1,APPROVED_REF,Data/Shapes/source_jpg/shape_1069.jpg,,,PDF_REFERENCE_IMAGE,
1070,1070,,,,1,APPROVED_REF,Data/Shapes/source_jpg/shape_1070.jpg,,,PDF_REFERENCE_IMAGE,
1071,1071,,,,1,APPROVED_REF,Data/Shapes/source_jpg/shape_1071.jpg,,,PDF_REFERENCE_IMAGE,
1072,1072,,,,1,APPROVED_REF,Data/Shapes/source_jpg/shape_1072.jpg,,,PDF_REFERENCE_IMAGE,
1073,1073,,,,1,APPROVED_REF,Data/Shapes/source_jpg/shape_1073.jpg,,,PDF_REFERENCE_IMAGE,
1074,1074,,,,1,APPROVED_REF,Data/Shapes/source_jpg/shape_1074.jpg,,,PDF_REFERENCE_IMAGE,
1075,1075,,,,1,APPROVED_REF,Data/Shapes/source_jpg/shape_1075.jpg,,,PDF_REFERENCE_IMAGE,
1076,1076,,,,1,APPROVED_REF,Data/Shapes/source_jpg/shape_1076.jpg,,,PDF_REFERENCE_IMAGE,
1077,1077,,,,1,APPROVED_REF,Data/Shapes/source_jpg/shape_1077.jpg,,,PDF_REFERENCE_IMAGE,
1078,1078,,,,1,APPROVED_REF,Data/Shapes/source_jpg/shape_1078.jpg,,,PDF_REFERENCE_IMAGE,
1079,1079,,,,1,APPROVED_REF,Data/Shapes/source_jpg/shape_1079.jpg,,,PDF_REFERENCE_IMAGE,
1080,1080,,,,1,APPROVED_REF,Data/Shapes/source_jpg/shape_1080.jpg,,,PDF_REFERENCE_IMAGE,
1081,1081,,,,1,APPROVED_REF,Data/Shapes/source_jpg/shape_1081.jpg,,,PDF_REFERENCE_IMAGE,
1082,1082,,,,1,APPROVED_REF,Data/Shapes/source_jpg/shape_1082.jpg,,,PDF_REFERENCE_IMAGE,
1083,1083,,,,1,APPROVED_REF,Data/Shapes/source_jpg/shape_1083.jpg,,,PDF_REFERENCE_IMAGE,
1084,1084,,,,1,APPROVED_REF,Data/Shapes/source_jpg/shape_1084.jpg,,,PDF_REFERENCE_IMAGE,
1085,1085,,,,1,APPROVED_REF,Data/Shapes/source_jpg/shape_1085.jpg,,,PDF_REFERENCE_IMAGE,
1086,1086,,,,1,APPROVED_REF,Data/Shapes/source_jpg/shape_1086.jpg,,,PDF_REFERENCE_IMAGE,
1087,1087,,,,1,APPROVED_REF,Data/Shapes/source_jpg/shape_1087.jpg,,,PDF_REFERENCE_IMAGE,
1088,1088,,,,1,APPROVED_REF,Data/Shapes/source_jpg/shape_1088.jpg,,,PDF_REFERENCE_IMAGE,
1089,1089,,,,1,APPROVED_REF,Data/Shapes/source_jpg/shape_1089.jpg,,,PDF_REFERENCE_IMAGE,
1090,1090,,,,1,APPROVED_REF,Data/Shapes/source_jpg/shape_1090.jpg,,,PDF_REFERENCE_IMAGE,
1091,1091,,,,1,APPROVED_REF,Data/Shapes/source_jpg/shape_1091.jpg,,,PDF_REFERENCE_IMAGE,
1092,1092,,,,1,APPROVED_REF,Data/Shapes/source_jpg/shape_1092.jpg,,,PDF_REFERENCE_IMAGE,
1093,1093,,,,1,APPROVED_REF,Data/Shapes/source_jpg/shape_1093.jpg,,,PDF_REFERENCE_IMAGE,
1094,1094,,,,1,APPROVED_REF,Data/Shapes/source_jpg/shape_1094.jpg,,,PDF_REFERENCE_IMAGE,
1095,1095,,,,1,APPROVED_REF,Data/Shapes/source_jpg/shape_1095.jpg,,,PDF_REFERENCE_IMAGE,
1096,1096,,,,1,APPROVED_REF,Data/Shapes/source_jpg/shape_1096.jpg,,,PDF_REFERENCE_IMAGE,
1097,1097,,,,1,APPROVED_REF,Data/Shapes/source_jpg/shape_1097.jpg,,,PDF_REFERENCE_IMAGE,
1098,1098,,,,1,APPROVED_REF,Data/Shapes/source_jpg/shape_1098.jpg,,,PDF_REFERENCE_IMAGE,
1099,1099,,,,1,APPROVED_REF,Data/Shapes/source_jpg/shape_1099.jpg,,,PDF_REFERENCE_IMAGE,
1100,1100,,,,1,APPROVED_REF,Data/Shapes/source_jpg/shape_1100.jpg,,,PDF_REFERENCE_IMAGE,
1101,1101,,,,1,APPROVED_REF,Data/Shapes/source_jpg/shape_1101.jpg,,,PDF_REFERENCE_IMAGE,
1102,1102,,,,1,APPROVED_REF,Data/Shapes/source_jpg/shape_1102.jpg,,,PDF_REFERENCE_IMAGE,
1103,1103,,,,1,APPROVED_REF,Data/Shapes/source_jpg/shape_1103.jpg,,,PDF_REFERENCE_IMAGE,
1104,1104,,,,1,APPROVED_REF,Data/Shapes/source_jpg/shape_1104.jpg,,,PDF_REFERENCE_IMAGE,
1105,1105,,,,1,APPROVED_REF,Data/Shapes/source_jpg/shape_1105.jpg,,,PDF_REFERENCE_IMAGE,
1106,1106,,,,1,APPROVED_REF,Data/Shapes/source_jpg/shape_1106.jpg,,,PDF_REFERENCE_IMAGE,
1107,1107,,,,1,APPROVED_REF,Data/Shapes/source_jpg/shape_1107.jpg,,,PDF_REFERENCE_IMAGE,
1108,1108,,,,1,APPROVED_REF,Data/Shapes/source_jpg/shape_1108.jpg,,,PDF_REFERENCE_IMAGE,
1109,1109,,,,1,APPROVED_REF,Data/Shapes/source_jpg/shape_1109.jpg,,,PDF_REFERENCE_IMAGE,
1110,1110,,,,1,APPROVED_REF,Data/Shapes/source_jpg/shape_1110.jpg,,,PDF_REFERENCE_IMAGE,
1111,1111,,,,1,APPROVED_REF,Data/Shapes/source_jpg/shape_1111.jpg,,,PDF_REFERENCE_IMAGE,
1112,1112,,,,1,APPROVED_REF,Data/Shapes/source_jpg/shape_1112.jpg,,,PDF_REFERENCE_IMAGE,
1113,1113,,,,1,APPROVED_REF,Data/Shapes/source_jpg/shape_1113.jpg,,,PDF_REFERENCE_IMAGE,
1114,1114,,,,1,APPROVED_REF,Data/Shapes/source_jpg/shape_1114.jpg,,,PDF_REFERENCE_IMAGE,
1115,1115,,,,1,APPROVED_REF,Data/Shapes/source_jpg/shape_1115.jpg,,,PDF_REFERENCE_IMAGE,
1116,1116,,,,1,APPROVED_REF,Data/Shapes/source_jpg/shape_1116.jpg,,,PDF_REFERENCE_IMAGE,
1117,1117,,,,1,APPROVED_REF,Data/Shapes/source_jpg/shape_1117.jpg,,,PDF_REFERENCE_IMAGE,
1118,1118,,,,1,APPROVED_REF,Data/Shapes/source_jpg/shape_1118.jpg,,,PDF_REFERENCE_IMAGE,
1119,1119,,,,1,APPROVED_REF,Data/Shapes/source_jpg/shape_1119.jpg,,,PDF_REFERENCE_IMAGE,
1120,1120,,,,1,APPROVED_REF,Data/Shapes/source_jpg/shape_1120.jpg,,,PDF_REFERENCE_IMAGE,
1121,1121,,,,1,APPROVED_REF,Data/Shapes/source_jpg/shape_1121.jpg,,,PDF_REFERENCE_IMAGE,
1122,1122,,,,1,APPROVED_REF,Data/Shapes/source_jpg/shape_1122.jpg,,,PDF_REFERENCE_IMAGE,
1123,1123,,,,1,APPROVED_REF,Data/Shapes/source_jpg/shape_1123.jpg,,,PDF_REFERENCE_IMAGE,
1124,1124,,,,1,APPROVED_REF,Data/Shapes/source_jpg/shape_1124.jpg,,,PDF_REFERENCE_IMAGE,
1125,1125,,,,1,APPROVED_REF,Data/Shapes/source_jpg/shape_1125.jpg,,,PDF_REFERENCE_IMAGE,
1126,1126,,,,1,APPROVED_REF,Data/Shapes/source_jpg/shape_1126.jpg,,,PDF_REFERENCE_IMAGE,
1127,1127,,,,1,APPROVED_REF,Data/Shapes/source_jpg/shape_1127.jpg,,,PDF_REFERENCE_IMAGE,
1128,1128,,,,1,APPROVED_REF,Data/Shapes/source_jpg/shape_1128.jpg,,,PDF_REFERENCE_IMAGE,
1129,1129,,,,1,APPROVED_REF,Data/Shapes/source_jpg/shape_1129.jpg,,,PDF_REFERENCE_IMAGE,
1130,1130,,,,1,APPROVED_REF,Data/Shapes/source_jpg/shape_1130.jpg,,,PDF_REFERENCE_IMAGE,
1131,1131,,,,1,APPROVED_REF,Data/Shapes/source_jpg/shape_1131.jpg,,,PDF_REFERENCE_IMAGE,
1132,1132,,,,1,APPROVED_REF,Data/Shapes/source_jpg/shape_1132.jpg,,,PDF_REFERENCE_IMAGE,
1133,1133,,,,1,APPROVED_REF,Data/Shapes/source_jpg/shape_1133.jpg,,,PDF_REFERENCE_IMAGE,
1134,1134,,,,1,APPROVED_REF,Data/Shapes/source_jpg/shape_1134.jpg,,,PDF_REFERENCE_IMAGE,
1135,1135,,,,1,APPROVED_REF,Data/Shapes/source_jpg/shape_1135.jpg,,,PDF_REFERENCE_IMAGE,
1136,1136,,,,1,APPROVED_REF,Data/Shapes/source_jpg/shape_1136.jpg,,,PDF_REFERENCE_IMAGE,
1137,1137,,,,1,APPROVED_REF,Data/Shapes/source_jpg/shape_1137.jpg,,,PDF_REFERENCE_IMAGE,
1138,1138,,,,1,APPROVED_REF,Data/Shapes/source_jpg/shape_1138.jpg,,,PDF_REFERENCE_IMAGE,
1139,1139,,,,1,APPROVED_REF,Data/Shapes/source_jpg/shape_1139.jpg,,,PDF_REFERENCE_IMAGE,
1140,1140,,,,1,APPROVED_REF,Data/Shapes/source_jpg/shape_1140.jpg,,,PDF_REFERENCE_IMAGE,
1141,1141,,,,1,APPROVED_REF,Data/Shapes/source_jpg/shape_1141.jpg,,,PDF_REFERENCE_IMAGE,
1142,1142,,,,1,APPROVED_REF,Data/Shapes/source_jpg/shape_1142.jpg,,,PDF_REFERENCE_IMAGE,
1143,1143,,,,1,APPROVED_REF,Data/Shapes/source_jpg/shape_1143.jpg,,,PDF_REFERENCE_IMAGE,
1144,1144,,,,1,APPROVED_REF,Data/Shapes/source_jpg/shape_1144.jpg,,,PDF_REFERENCE_IMAGE,
1145,1145,,,,1,APPROVED_REF,Data/Shapes/source_jpg/shape_1145.jpg,,,PDF_REFERENCE_IMAGE,
1146,1146,,,,1,APPROVED_REF,Data/Shapes/source_jpg/shape_1146.jpg,,,PDF_REFERENCE_IMAGE,
1147,1147,,,,1,APPROVED_REF,Data/Shapes/source_jpg/shape_1147.jpg,,,PDF_REFERENCE_IMAGE,
1148,1148,,,,1,APPROVED_REF,Data/Shapes/source_jpg/shape_1148.jpg,,,PDF_REFERENCE_IMAGE,
1149,1149,,,,1,APPROVED_REF,Data/Shapes/source_jpg/shape_1149.jpg,,,PDF_REFERENCE_IMAGE,
1150,1150,,,,1,APPROVED_REF,Data/Shapes/source_jpg/shape_1150.jpg,,,PDF_REFERENCE_IMAGE,
1151,1151,,,,1,APPROVED_REF,Data/Shapes/source_jpg/shape_1151.jpg,,,PDF_REFERENCE_IMAGE,
1152,1152,,,,1,APPROVED_REF,Data/Shapes/source_jpg/shape_1152.jpg,,,PDF_REFERENCE_IMAGE,
1153,1153,,,,1,APPROVED_REF,Data/Shapes/source_jpg/shape_1153.jpg,,,PDF_REFERENCE_IMAGE,
1154,1154,,,,1,APPROVED_REF,Data/Shapes/source_jpg/shape_1154.jpg,,,PDF_REFERENCE_IMAGE,
1155,1155,,,,1,APPROVED_REF,Data/Shapes/source_jpg/shape_1155.jpg,,,PDF_REFERENCE_IMAGE,
1156,1156,,,,1,APPROVED_REF,Data/Shapes/source_jpg/shape_1156.jpg,,,PDF_REFERENCE_IMAGE,
1157,1157,,,,1,APPROVED_REF,Data/Shapes/source_jpg/shape_1157.jpg,,,PDF_REFERENCE_IMAGE,
1158,1158,,,,1,APPROVED_REF,Data/Shapes/source_jpg/shape_1158.jpg,,,PDF_REFERENCE_IMAGE,
1159,1159,,,,1,APPROVED_REF,Data/Shapes/source_jpg/shape_1159.jpg,,,PDF_REFERENCE_IMAGE,
1160,1160,,,,1,APPROVED_REF,Data/Shapes/source_jpg/shape_1160.jpg,,,PDF_REFERENCE_IMAGE,
1161,1161,,,,1,APPROVED_REF,Data/Shapes/source_jpg/shape_1161.jpg,,,PDF_REFERENCE_IMAGE,
1162,1162,,,,1,APPROVED_REF,Data/Shapes/source_jpg/shape_1162.jpg,,,PDF_REFERENCE_IMAGE,
1163,1163,,,,1,APPROVED_REF,Data/Shapes/source_jpg/shape_1163.jpg,,,PDF_REFERENCE_IMAGE,
1164,1164,,,,1,APPROVED_REF,Data/Shapes/source_jpg/shape_1164.jpg,,,PDF_REFERENCE_IMAGE,
1165,1165,,,,1,APPROVED_REF,Data/Shapes/source_jpg/shape_1165.jpg,,,PDF_REFERENCE_IMAGE,
1166,1166,,,,1,APPROVED_REF,Data/Shapes/source_jpg/shape_1166.jpg,,,PDF_REFERENCE_IMAGE,
1167,1167,,,,1,APPROVED_REF,Data/Shapes/source_jpg/shape_1167.jpg,,,PDF_REFERENCE_IMAGE,
1168,1168,,,,1,APPROVED_REF,Data/Shapes/source_jpg/shape_1168.jpg,,,PDF_REFERENCE_IMAGE,
1169,1169,,,,1,APPROVED_REF,Data/Shapes/source_jpg/shape_1169.jpg,,,PDF_REFERENCE_IMAGE,
1170,1170,,,,1,APPROVED_REF,Data/Shapes/source_jpg/shape_1170.jpg,,,PDF_REFERENCE_IMAGE,
1171,1171,,,,1,APPROVED_REF,Data/Shapes/source_jpg/shape_1171.jpg,,,PDF_REFERENCE_IMAGE,
1172,1172,,,,1,APPROVED_REF,Data/Shapes/source_jpg/shape_1172.jpg,,,PDF_REFERENCE_IMAGE,
1173,1173,,,,1,APPROVED_REF,Data/Shapes/source_jpg/shape_1173.jpg,,,PDF_REFERENCE_IMAGE,
1174,1174,,,,1,APPROVED_REF,Data/Shapes/source_jpg/shape_1174.jpg,,,PDF_REFERENCE_IMAGE,
1175,1175,,,,1,APPROVED_REF,Data/Shapes/source_jpg/shape_1175.jpg,,,PDF_REFERENCE_IMAGE,
1176,1176,,,,1,APPROVED_REF,Data/Shapes/source_jpg/shape_1176.jpg,,,PDF_REFERENCE_IMAGE,
1177,1177,,,,1,APPROVED_REF,Data/Shapes/source_jpg/shape_1177.jpg,,,PDF_REFERENCE_IMAGE,
1178,1178,,,,1,APPROVED_REF,Data/Shapes/source_jpg/shape_1178.jpg,,,PDF_REFERENCE_IMAGE,
1179,1179,,,,1,APPROVED_REF,Data/Shapes/source_jpg/shape_1179.jpg,,,PDF_REFERENCE_IMAGE,
1180,1180,,,,1,APPROVED_REF,Data/Shapes/source_jpg/shape_1180.jpg,,,PDF_REFERENCE_IMAGE,
1181,1181,,,,1,APPROVED_REF,Data/Shapes/source_jpg/shape_1181.jpg,,,PDF_REFERENCE_IMAGE,
1182,1182,,,,1,APPROVED_REF,Data/Shapes/source_jpg/shape_1182.jpg,,,PDF_REFERENCE_IMAGE,
1183,1183,,,,1,APPROVED_REF,Data/Shapes/source_jpg/shape_1183.jpg,,,PDF_REFERENCE_IMAGE,
1184,1184,,,,1,APPROVED_REF,Data/Shapes/source_jpg/shape_1184.jpg,,,PDF_REFERENCE_IMAGE,
1185,1185,,,,1,APPROVED_REF,Data/Shapes/source_jpg/shape_1185.jpg,,,PDF_REFERENCE_IMAGE,
1186,1186,,,,1,APPROVED_REF,Data/Shapes/source_jpg/shape_1186.jpg,,,PDF_REFERENCE_IMAGE,
1187,1187,,,,1,APPROVED_REF,Data/Shapes/source_jpg/shape_1187.jpg,,,PDF_REFERENCE_IMAGE,
1188,1188,,,,1,APPROVED_REF,Data/Shapes/source_jpg/shape_1188.jpg,,,PDF_REFERENCE_IMAGE,
1189,1189,,,,1,APPROVED_REF,Data/Shapes/source_jpg/shape_1189.jpg,,,PDF_REFERENCE_IMAGE,
1190,1190,,,,1,APPROVED_REF,Data/Shapes/source_jpg/shape_1190.jpg,,,PDF_REFERENCE_IMAGE,
1191,1191,,,,1,APPROVED_REF,Data/Shapes/source_jpg/shape_1191.jpg,,,PDF_REFERENCE_IMAGE,
1192,1192,,,,1,APPROVED_REF,Data/Shapes/source_jpg/shape_1192.jpg,,,PDF_REFERENCE_IMAGE,
1193,1193,,,,1,APPROVED_REF,Data/Shapes/source_jpg/shape_1193.jpg,,,PDF_REFERENCE_IMAGE,
1194,1194,,,,1,APPROVED_REF,Data/Shapes/source_jpg/shape_1194.jpg,,,PDF_REFERENCE_IMAGE,
1195,1195,,,,1,APPROVED_REF,Data/Shapes/source_jpg/shape_1195.jpg,,,PDF_REFERENCE_IMAGE,
1196,1196,,,,1,APPROVED_REF,Data/Shapes/source_jpg/shape_1196.jpg,,,PDF_REFERENCE_IMAGE,
1197,1197,,,,1,APPROVED_REF,Data/Shapes/source_jpg/shape_1197.jpg,,,PDF_REFERENCE_IMAGE,
1198,1198,,,,1,APPROVED_REF,Data/Shapes/source_jpg/shape_1198.jpg,,,PDF_REFERENCE_IMAGE,
1199,1199,,,,1,APPROVED_REF,Data/Shapes/source_jpg/shape_1199.jpg,,,PDF_REFERENCE_IMAGE,
1200,1200,,,,1,APPROVED_REF,Data/Shapes/source_jpg/shape_1200.jpg,,,PDF_REFERENCE_IMAGE,
1201,1201,,,,1,APPROVED_REF,Data/Shapes/source_jpg/shape_1201.jpg,,,PDF_REFERENCE_IMAGE,
1202,1202,,,,1,APPROVED_REF,Data/Shapes/source_jpg/shape_1202.jpg,,,PDF_REFERENCE_IMAGE,
1203,1203,,,,1,APPROVED_REF,Data/Shapes/source_jpg/shape_1203.jpg,,,PDF_REFERENCE_IMAGE,
1204,1204,,,,1,APPROVED_REF,Data/Shapes/source_jpg/shape_1204.jpg,,,PDF_REFERENCE_IMAGE,
1205,1205,,,,1,APPROVED_REF,Data/Shapes/source_jpg/shape_1205.jpg,,,PDF_REFERENCE_IMAGE,
1206,1206,,,,1,APPROVED_REF,Data/Shapes/source_jpg/shape_1206.jpg,,,PDF_REFERENCE_IMAGE,
1207,1207,,,,1,APPROVED_REF,Data/Shapes/source_jpg/shape_1207.jpg,,,PDF_REFERENCE_IMAGE,
1208,1208,,,,1,APPROVED_REF,Data/Shapes/source_jpg/shape_1208.jpg,,,PDF_REFERENCE_IMAGE,
1209,1209,,,,1,APPROVED_REF,Data/Shapes/source_jpg/shape_1209.jpg,,,PDF_REFERENCE_IMAGE,
1210,1210,,,,1,APPROVED_REF,Data/Shapes/source_jpg/shape_1210.jpg,,,PDF_REFERENCE_IMAGE,
1211,1211,,,,1,APPROVED_REF,Data/Shapes/source_jpg/shape_1211.jpg,,,PDF_REFERENCE_IMAGE,
1212,1212,,,,1,APPROVED_REF,Data/Shapes/source_jpg/shape_1212.jpg,,,PDF_REFERENCE_IMAGE,
1213,1213,,,,1,APPROVED_REF,Data/Shapes/source_jpg/shape_1213.jpg,,,PDF_REFERENCE_IMAGE,
1214,1214,,,,1,APPROVED_REF,Data/Shapes/source_jpg/shape_1214.jpg,,,PDF_REFERENCE_IMAGE,
1215,1215,,,,1,APPROVED_REF,Data/Shapes/source_jpg/shape_1215.jpg,,,PDF_REFERENCE_IMAGE,
1216,1216,,,,1,APPROVED_REF,Data/Shapes/source_jpg/shape_1216.jpg,,,PDF_REFERENCE_IMAGE,
1217,1217,,,,1,APPROVED_REF,Data/Shapes/source_jpg/shape_1217.jpg,,,PDF_REFERENCE_IMAGE,
1218,1218,,,,1,APPROVED_REF,Data/Shapes/source_jpg/shape_1218.jpg,,,PDF_REFERENCE_IMAGE,
1219,1219,,,,1,APPROVED_REF,Data/Shapes/source_jpg/shape_1219.jpg,,,PDF_REFERENCE_IMAGE,
1220,1220,,,,1,APPROVED_REF,Data/Shapes/source_jpg/shape_1220.jpg,,,PDF_REFERENCE_IMAGE,
1221,1221,,,,1,APPROVED_REF,Data/Shapes/source_jpg/shape_1221.jpg,,,PDF_REFERENCE_IMAGE,
1222,1222,,,,1,APPROVED_REF,Data/Shapes/source_jpg/shape_1222.jpg,,,PDF_REFERENCE_IMAGE,
1223,1223,,,,1,APPROVED_REF,Data/Shapes/source_jpg/shape_1223.jpg,,,PDF_REFERENCE_IMAGE,
1224,1224,,,,1,APPROVED_REF,Data/Shapes/source_jpg/shape_1224.jpg,,,PDF_REFERENCE_IMAGE,
1225,1225,,,,1,APPROVED_REF,Data/Shapes/source_jpg/shape_1225.jpg,,,PDF_REFERENCE_IMAGE,
1226,1226,,,,1,APPROVED_REF,Data/Shapes/source_jpg/shape_1226.jpg,,,PDF_REFERENCE_IMAGE,
1227,1227,,,,1,APPROVED_REF,Data/Shapes/source_jpg/shape_1227.jpg,,,PDF_REFERENCE_IMAGE,
1228,1228,,,,1,APPROVED_REF,Data/Shapes/source_jpg/shape_1228.jpg,,,PDF_REFERENCE_IMAGE,
1229,1229,,,,1,APPROVED_REF,Data/Shapes/source_jpg/shape_1229.jpg,,,PDF_REFERENCE_IMAGE,
1230,1230,,,,1,APPROVED_REF,Data/Shapes/source_jpg/shape_1230.jpg,,,PDF_REFERENCE_IMAGE,
1231,1231,,,,1,APPROVED_REF,Data/Shapes/source_jpg/shape_1231.jpg,,,PDF_REFERENCE_IMAGE,
1232,1232,,,,1,APPROVED_REF,Data/Shapes/source_jpg/shape_1232.jpg,,,PDF_REFERENCE_IMAGE,
1233,1233,,,,1,APPROVED_REF,Data/Shapes/source_jpg/shape_1233.jpg,,,PDF_REFERENCE_IMAGE,
1234,1234,,,,1,APPROVED_REF,Data/Shapes/source_jpg/shape_1234.jpg,,,PDF_REFERENCE_IMAGE,
1235,1235,,,,1,APPROVED_REF,Data/Shapes/source_jpg/shape_1235.jpg,,,PDF_REFERENCE_IMAGE,
1236,1236,,,,1,APPROVED_REF,Data/Shapes/source_jpg/shape_1236.jpg,,,PDF_REFERENCE_IMAGE,
1237,1237,,,,1,APPROVED_REF,Data/Shapes/source_jpg/shape_1237.jpg,,,PDF_REFERENCE_IMAGE,
1238,1238,,,,1,APPROVED_REF,Data/Shapes/source_jpg/shape_1238.jpg,,,PDF_REFERENCE_IMAGE,
1239,1239,,,,1,APPROVED_REF,Data/Shapes/source_jpg/shape_1239.jpg,,,PDF_REFERENCE_IMAGE,
1240,1240,,,,1,APPROVED_REF,Data/Shapes/source_jpg/shape_1240.jpg,,,PDF_REFERENCE_IMAGE,
1241,1241,,,,1,APPROVED_REF,Data/Shapes/source_jpg/shape_1241.jpg,,,PDF_REFERENCE_IMAGE,
1242,1242,,,,1,APPROVED_REF,Data/Shapes/source_jpg/shape_1242.jpg,,,PDF_REFERENCE_IMAGE,
1243,1243,,,,1,APPROVED_REF,Data/Shapes/source_jpg/shape_1243.jpg,,,PDF_REFERENCE_IMAGE,
1244,1244,,,,1,APPROVED_REF,Data/Shapes/source_jpg/shape_1244.jpg,,,PDF_REFERENCE_IMAGE,
1245,1245,,,,1,APPROVED_REF,Data/Shapes/source_jpg/shape_1245.jpg,,,PDF_REFERENCE_IMAGE,
1246,1246,,,,1,APPROVED_REF,Data/Shapes/source_jpg/shape_1246.jpg,,,PDF_REFERENCE_IMAGE,
1247,1247,,,,1,APPROVED_REF,Data/Shapes/source_jpg/shape_1247.jpg,,,PDF_REFERENCE_IMAGE,
1248,1248,,,,1,APPROVED_REF,Data/Shapes/source_jpg/shape_1248.jpg,,,PDF_REFERENCE_IMAGE,
1249,1249,,,,1,APPROVED_REF,Data/Shapes/source_jpg/shape_1249.jpg,,,PDF_REFERENCE_IMAGE,
1250,1250,,,,1,APPROVED_REF,Data/Shapes/source_jpg/shape_1250.jpg,,,PDF_REFERENCE_IMAGE,
1251,1251,,,,1,APPROVED_REF,Data/Shapes/source_jpg/shape_1251.jpg,,,PDF_REFERENCE_IMAGE,
1252,1252,,,,1,APPROVED_REF,Data/Shapes/source_jpg/shape_1252.jpg,,,PDF_REFERENCE_IMAGE,
1253,1253,,,,1,APPROVED_REF,Data/Shapes/source_jpg/shape_1253.jpg,,,PDF_REFERENCE_IMAGE,
1254,1254,,,,1,APPROVED_REF,Data/Shapes/source_jpg/shape_1254.jpg,,,PDF_REFERENCE_IMAGE,
1255,1255,,,,1,APPROVED_REF,Data/Shapes/source_jpg/shape_1255.jpg,,,PDF_REFERENCE_IMAGE,
1256,1256,,,,1,APPROVED_REF,Data/Shapes/source_jpg/shape_1256.jpg,,,PDF_REFERENCE_IMAGE,
1257,1257,,,,1,APPROVED_REF,Data/Shapes/source_jpg/shape_1257.jpg,,,PDF_REFERENCE_IMAGE,
1258,1258,,,,1,APPROVED_REF,Data/Shapes/source_jpg/shape_1258.jpg,,,PDF_REFERENCE_IMAGE,
1259,1259,,,,1,APPROVED_REF,Data/Shapes/source_jpg/shape_1259.jpg,,,PDF_REFERENCE_IMAGE,
1260,1260,,,,1,APPROVED_REF,Data/Shapes/source_jpg/shape_1260.jpg,,,PDF_REFERENCE_IMAGE,
1261,1261,,,,1,APPROVED_REF,Data/Shapes/source_jpg/shape_1261.jpg,,,PDF_REFERENCE_IMAGE,
1262,1262,,,,1,APPROVED_REF,Data/Shapes/source_jpg/shape_1262.jpg,,,PDF_REFERENCE_IMAGE,
1263,1263,,,,1,APPROVED_REF,Data/Shapes/source_jpg/shape_1263.jpg,,,PDF_REFERENCE_IMAGE,
1264,1264,,,,1,APPROVED_REF,Data/Shapes/source_jpg/shape_1264.jpg,,,PDF_REFERENCE_IMAGE,
1265,1265,,,,1,APPROVED_REF,Data/Shapes/source_jpg/shape_1265.jpg,,,PDF_REFERENCE_IMAGE,
1266,1266,,,,1,APPROVED_REF,Data/Shapes/source_jpg/shape_1266.jpg,,,PDF_REFERENCE_IMAGE,
1267,1267,,,,1,APPROVED_REF,Data/Shapes/source_jpg/shape_1267.jpg,,,PDF_REFERENCE_IMAGE,
1268,1268,,,,1,APPROVED_REF,Data/Shapes/source_jpg/shape_1268.jpg,,,PDF_REFERENCE_IMAGE,
1269,1269,,,,1,APPROVED_REF,Data/Shapes/source_jpg/shape_1269.jpg,,,PDF_REFERENCE_IMAGE,
1270,1270,,,,1,APPROVED_REF,Data/Shapes/source_jpg/shape_1270.jpg,,,PDF_REFERENCE_IMAGE,
1271,1271,,,,1,APPROVED_REF,Data/Shapes/source_jpg/shape_1271.jpg,,,PDF_REFERENCE_IMAGE,
1272,1272,,,,1,APPROVED_REF,Data/Shapes/source_jpg/shape_1272.jpg,,,PDF_REFERENCE_IMAGE,
1273,1273,,,,1,APPROVED_REF,Data/Shapes/source_jpg/shape_1273.jpg,,,PDF_REFERENCE_IMAGE,
1274,1274,,,,1,APPROVED_REF,Data/Shapes/source_jpg/shape_1274.jpg,,,PDF_REFERENCE_IMAGE,
1275,1275,,,,1,APPROVED_REF,Data/Shapes/source_jpg/shape_1275.jpg,,,PDF_REFERENCE_IMAGE,
1276,1276,,,,1,APPROVED_REF,Data/Shapes/source_jpg/shape_1276.jpg,,,PDF_REFERENCE_IMAGE,
1277,1277,,,,1,APPROVED_REF,Data/Shapes/source_jpg/shape_1277.jpg,,,PDF_REFERENCE_IMAGE,
1278,1278,,,,1,APPROVED_REF,Data/Shapes/source_jpg/shape_1278.jpg,,,PDF_REFERENCE_IMAGE,
1279,1279,,,,1,APPROVED_REF,Data/Shapes/source_jpg/shape_1279.jpg,,,PDF_REFERENCE_IMAGE,
1280,1280,,,,1,APPROVED_REF,Data/Shapes/source_jpg/shape_1280.jpg,,,PDF_REFERENCE_IMAGE,
1281,1281,,,,1,APPROVED_REF,Data/Shapes/source_jpg/shape_1281.jpg,,,PDF_REFERENCE_IMAGE,
1282,1282,,,,1,APPROVED_REF,Data/Shapes/source_jpg/shape_1282.jpg,,,PDF_REFERENCE_IMAGE,
1283,1283,,,,1,APPROVED_REF,Data/Shapes/source_jpg/shape_1283.jpg,,,PDF_REFERENCE_IMAGE,
1284,1284,,,,1,APPROVED_REF,Data/Shapes/source_jpg/shape_1284.jpg,,,PDF_REFERENCE_IMAGE,
1285,1285,,,,1,APPROVED_REF,Data/Shapes/source_jpg/shape_1285.jpg,,,PDF_REFERENCE_IMAGE,
1286,1286,,,,1,APPROVED_REF,Data/Shapes/source_jpg/shape_1286.jpg,,,PDF_REFERENCE_IMAGE,
1287,1287,,,,1,APPROVED_REF,Data/Shapes/source_jpg/shape_1287.jpg,,,PDF_REFERENCE_IMAGE,
1288,1288,,,,1,APPROVED_REF,Data/Shapes/source_jpg/shape_1288.jpg,,,PDF_REFERENCE_IMAGE,
1289,1289,,,,1,APPROVED_REF,Data/Shapes/source_jpg/shape_1289.jpg,,,PDF_REFERENCE_IMAGE,
1290,1290,,,,1,APPROVED_REF,Data/Shapes/source_jpg/shape_1290.jpg,,,PDF_REFERENCE_IMAGE,
1291,1291,,,,1,APPROVED_REF,Data/Shapes/source_jpg/shape_1291.jpg,,,PDF_REFERENCE_IMAGE,
1292,1292,,,,1,APPROVED_REF,Data/Shapes/source_jpg/shape_1292.jpg,,,PDF_REFERENCE_IMAGE,
1293,1293,,,,1,APPROVED_REF,Data/Shapes/source_jpg/shape_1293.jpg,,,PDF_REFERENCE_IMAGE,
1294,1294,,,,1,APPROVED_REF,Data/Shapes/source_jpg/shape_1294.jpg,,,PDF_REFERENCE_IMAGE,
1295,1295,,,,1,APPROVED_REF,Data/Shapes/source_jpg/shape_1295.jpg,,,PDF_REFERENCE_IMAGE,
1296,1296,,,,1,APPROVED_REF,Data/Shapes/source_jpg/shape_1296.jpg,,,PDF_REFERENCE_IMAGE,
1297,1297,,,,1,APPROVED_REF,Data/Shapes/source_jpg/shape_1297.jpg,,,PDF_REFERENCE_IMAGE,
1298,1298,,,,1,APPROVED_REF,Data/Shapes/source_jpg/shape_1298.jpg,,,PDF_REFERENCE_IMAGE,
1299,1299,,,,1,APPROVED_REF,Data/Shapes/source_jpg/shape_1299.jpg,,,PDF_REFERENCE_IMAGE,
1300,1300,,,,1,APPROVED_REF,Data/Shapes/source_jpg/shape_1300.jpg,,,PDF_REFERENCE_IMAGE,
1301,1301,,,,1,APPROVED_REF,Data/Shapes/source_jpg/shape_1301.jpg,,,PDF_REFERENCE_IMAGE,
1302,1302,,,,1,APPROVED_REF,Data/Shapes/source_jpg/shape_1302.jpg,,,PDF_REFERENCE_IMAGE,
1303,1303,,,,1,APPROVED_REF,Data/Shapes/source_jpg/shape_1303.jpg,,,PDF_REFERENCE_IMAGE,
1304,1304,,,,1,APPROVED_REF,Data/Shapes/source_jpg/shape_1304.jpg,,,PDF_REFERENCE_IMAGE,
1305,1305,,,,1,APPROVED_REF,Data/Shapes/source_jpg/shape_1305.jpg,,,PDF_REFERENCE_IMAGE,
1306,1306,,,,1,APPROVED_REF,Data/Shapes/source_jpg/shape_1306.jpg,,,PDF_REFERENCE_IMAGE,
1307,1307,,,,1,APPROVED_REF,Data/Shapes/source_jpg/shape_1307.jpg,,,PDF_REFERENCE_IMAGE,
1308,1308,,,,1,APPROVED_REF,Data/Shapes/source_jpg/shape_1308.jpg,,,PDF_REFERENCE_IMAGE,
1309,1309,,,,1,APPROVED_REF,Data/Shapes/source_jpg/shape_1309.jpg,,,PDF_REFERENCE_IMAGE,
1310,1310,,,,1,APPROVED_REF,Data/Shapes/source_jpg/shape_1310.jpg,,,PDF_REFERENCE_IMAGE,
1311,1311,,,,1,APPROVED_REF,Data/Shapes/source_jpg/shape_1311.jpg,,,PDF_REFERENCE_IMAGE,
1312,1312,,,,1,APPROVED_REF,Data/Shapes/source_jpg/shape_1312.jpg,,,PDF_REFERENCE_IMAGE,
1313,1313,,,,1,APPROVED_REF,Data/Shapes/source_jpg/shape_1313.jpg,,,PDF_REFERENCE_IMAGE,
1314,1314,,,,1,APPROVED_REF,Data/Shapes/source_jpg/shape_1314.jpg,,,PDF_REFERENCE_IMAGE,
1315,1315,,,,1,APPROVED_REF,Data/Shapes/source_jpg/shape_1315.jpg,,,PDF_REFERENCE_IMAGE,
1316,1316,,,,1,APPROVED_REF,Data/Shapes/source_jpg/shape_1316.jpg,,,PDF_REFERENCE_IMAGE,
1317,1317,,,,1,APPROVED_REF,Data/Shapes/source_jpg/shape_1317.jpg,,,PDF_REFERENCE_IMAGE,
1318,1318,,,,1,APPROVED_REF,Data/Shapes/source_jpg/shape_1318.jpg,,,PDF_REFERENCE_IMAGE,
1319,1319,,,,1,APPROVED_REF,Data/Shapes/source_jpg/shape_1319.jpg,,,PDF_REFERENCE_IMAGE,
1320,1320,,,,1,APPROVED_REF,Data/Shapes/source_jpg/shape_1320.jpg,,,PDF_REFERENCE_IMAGE,
1321,1321,,,,1,APPROVED_REF,Data/Shapes/source_jpg/shape_1321.jpg,,,PDF_REFERENCE_IMAGE,
1322,1322,,,,1,APPROVED_REF,Data/Shapes/source_jpg/shape_1322.jpg,,,PDF_REFERENCE_IMAGE,
1323,1323,,,,1,APPROVED_REF,Data/Shapes/source_jpg/shape_1323.jpg,,,PDF_REFERENCE_IMAGE,
1324,1324,,,,1,APPROVED_REF,Data/Shapes/source_jpg/shape_1324.jpg,,,PDF_REFERENCE_IMAGE,
1325,1325,,,,1,APPROVED_REF,Data/Shapes/source_jpg/shape_1325.jpg,,,PDF_REFERENCE_IMAGE,
1326,1326,,,,1,APPROVED_REF,Data/Shapes/source_jpg/shape_1326.jpg,,,PDF_REFERENCE_IMAGE,
1327,1327,,,,1,APPROVED_REF,Data/Shapes/source_jpg/shape_1327.jpg,,,PDF_REFERENCE_IMAGE,
1328,1328,,,,1,APPROVED_REF,Data/Shapes/source_jpg/shape_1328.jpg,,,PDF_REFERENCE_IMAGE,
1329,1329,,,,1,APPROVED_REF,Data/Shapes/source_jpg/shape_1329.jpg,,,PDF_REFERENCE_IMAGE,
1330,1330,,,,1,APPROVED_REF,Data/Shapes/source_jpg/shape_1330.jpg,,,PDF_REFERENCE_IMAGE,
1331,1331,,,,1,APPROVED_REF,Data/Shapes/source_jpg/shape_1331.jpg,,,PDF_REFERENCE_IMAGE,
1332,1332,,,,1,APPROVED_REF,Data/Shapes/source_jpg/shape_1332.jpg,,,PDF_REFERENCE_IMAGE,
1333,1333,,,,1,APPROVED_REF,Data/Shapes/source_jpg/shape_1333.jpg,,,PDF_REFERENCE_IMAGE,
1334,1334,,,,1,APPROVED_REF,Data/Shapes/source_jpg/shape_1334.jpg,,,PDF_REFERENCE_IMAGE,
1335,1335,,,,1,APPROVED_REF,Data/Shapes/source_jpg/shape_1335.jpg,,,PDF_REFERENCE_IMAGE,
1336,1336,,,,1,APPROVED_REF,Data/Shapes/source_jpg/shape_1336.jpg,,,PDF_REFERENCE_IMAGE,
1337,1337,,,,1,APPROVED_REF,Data/Shapes/source_jpg/shape_1337.jpg,,,PDF_REFERENCE_IMAGE,
1338,1338,,,,1,APPROVED_REF,Data/Shapes/source_jpg/shape_1338.jpg,,,PDF_REFERENCE_IMAGE,
1339,1339,,,,1,APPROVED_REF,Data/Shapes/source_jpg/shape_1339.jpg,,,PDF_REFERENCE_IMAGE,
1340,1340,,,,1,APPROVED_REF,Data/Shapes/source_jpg/shape_1340.jpg,,,PDF_REFERENCE_IMAGE,
1341,1341,,,,1,APPROVED_REF,Data/Shapes/source_jpg/shape_1341.jpg,,,PDF_REFERENCE_IMAGE,
1342,1342,,,,1,APPROVED_REF,Data/Shapes/source_jpg/shape_1342.jpg,,,PDF_REFERENCE_IMAGE,
1343,1343,,,,1,APPROVED_REF,Data/Shapes/source_jpg/shape_1343.jpg,,,PDF_REFERENCE_IMAGE,
1344,1344,,,,1,APPROVED_REF,Data/Shapes/source_jpg/shape_1344.jpg,,,PDF_REFERENCE_IMAGE,
1345,1345,,,,1,APPROVED_REF,Data/Shapes/source_jpg/shape_1345.jpg,,,PDF_REFERENCE_IMAGE,
1346,1346,,,,1,APPROVED_REF,Data/Shapes/source_jpg/shape_1346.jpg,,,PDF_REFERENCE_IMAGE,
1347,1347,,,,1,APPROVED_REF,Data/Shapes/source_jpg/shape_1347.jpg,,,PDF_REFERENCE_IMAGE,
1348,1348,,,,1,APPROVED_REF,Data/Shapes/source_jpg/shape_1348.jpg,,,PDF_REFERENCE_IMAGE,
1349,1349,,,,1,APPROVED_REF,Data/Shapes/source_jpg/shape_1349.jpg,,,PDF_REFERENCE_IMAGE,
1350,1350,,,,1,APPROVED_REF,Data/Shapes/source_jpg/shape_1350.jpg,,,PDF_REFERENCE_IMAGE,
1351,1351,,,,1,APPROVED_REF,Data/Shapes/source_jpg/shape_1351.jpg,,,PDF_REFERENCE_IMAGE,
1352,1352,,,,1,APPROVED_REF,Data/Shapes/source_jpg/shape_1352.jpg,,,PDF_REFERENCE_IMAGE,
1353,1353,,,,1,APPROVED_REF,Data/Shapes/source_jpg/shape_1353.jpg,,,PDF_REFERENCE_IMAGE,
1354,1354,,,,1,APPROVED_REF,Data/Shapes/source_jpg/shape_1354.jpg,,,PDF_REFERENCE_IMAGE,
1355,1355,,,,1,APPROVED_REF,Data/Shapes/source_jpg/shape_1355.jpg,,,PDF_REFERENCE_IMAGE,
1356,1356,,,,1,APPROVED_REF,Data/Shapes/source_jpg/shape_1356.jpg,,,PDF_REFERENCE_IMAGE,
1357,1357,,,,1,APPROVED_REF,Data/Shapes/source_jpg/shape_1357.jpg,,,PDF_REFERENCE_IMAGE,
1358,1358,,,,1,APPROVED_REF,Data/Shapes/source_jpg/shape_1358.jpg,,,PDF_REFERENCE_IMAGE,
1359,1359,,,,1,APPROVED_REF,Data/Shapes/source_jpg/shape_1359.jpg,,,PDF_REFERENCE_IMAGE,
1360,1360,,,,1,APPROVED_REF,Data/Shapes/source_jpg/shape_1360.jpg,,,PDF_REFERENCE_IMAGE,
1361,1361,,,,1,APPROVED_REF,Data/Shapes/source_jpg/shape_1361.jpg,,,PDF_REFERENCE_IMAGE,
1362,1362,,,,1,APPROVED_REF,Data/Shapes/source_jpg/shape_1362.jpg,,,PDF_REFERENCE_IMAGE,
1363,1363,,,,1,APPROVED_REF,Data/Shapes/source_jpg/shape_1363.jpg,,,PDF_REFERENCE_IMAGE,
1364,1364,,,,1,APPROVED_REF,Data/Shapes/source_jpg/shape_1364.jpg,,,PDF_REFERENCE_IMAGE,
1365,1365,,,,1,APPROVED_REF,Data/Shapes/source_jpg/shape_1365.jpg,,,PDF_REFERENCE_IMAGE,
1366,1366,,,,1,APPROVED_REF,Data/Shapes/source_jpg/shape_1366.jpg,,,PDF_REFERENCE_IMAGE,
1367,1367,,,,1,APPROVED_REF,Data/Shapes/source_jpg/shape_1367.jpg,,,PDF_REFERENCE_IMAGE,
1368,1368,,,,1,APPROVED_REF,Data/Shapes/source_jpg/shape_1368.jpg,,,PDF_REFERENCE_IMAGE,
1369,1369,,,,1,APPROVED_REF,Data/Shapes/source_jpg/shape_1369.jpg,,,PDF_REFERENCE_IMAGE,
1370,1370,,,,1,APPROVED_REF,Data/Shapes/source_jpg/shape_1370.jpg,,,PDF_REFERENCE_IMAGE,
1371,1371,,,,1,APPROVED_REF,Data/Shapes/source_jpg/shape_1371.jpg,,,PDF_REFERENCE_IMAGE,
1372,1372,,,,1,APPROVED_REF,Data/Shapes/source_jpg/shape_1372.jpg,,,PDF_REFERENCE_IMAGE,
1373,1373,,,,1,APPROVED_REF,Data/Shapes/source_jpg/shape_1373.jpg,,,PDF_REFERENCE_IMAGE,
1374,1374,,,,1,APPROVED_REF,Data/Shapes/source_jpg/shape_1374.jpg,,,PDF_REFERENCE_IMAGE,
1375,1375,,,,1,APPROVED_REF,Data/Shapes/source_jpg/shape_1375.jpg,,,PDF_REFERENCE_IMAGE,
1376,1376,,,,1,APPROVED_REF,Data/Shapes/source_jpg/shape_1376.jpg,,,PDF_REFERENCE_IMAGE,
1377,1377,,,,1,APPROVED_REF,Data/Shapes/source_jpg/shape_1377.jpg,,,PDF_REFERENCE_IMAGE,
1378,1378,,,,1,APPROVED_REF,Data/Shapes/source_jpg/shape_1378.jpg,,,PDF_REFERENCE_IMAGE,
1379,1379,,,,1,APPROVED_REF,Data/Shapes/source_jpg/shape_1379.jpg,,,PDF_REFERENCE_IMAGE,
1380,1380,,,,1,APPROVED_REF,Data/Shapes/source_jpg/shape_1380.jpg,,,PDF_REFERENCE_IMAGE,
1381,1381,,,,1,APPROVED_REF,Data/Shapes/source_jpg/shape_1381.jpg,,,PDF_REFERENCE_IMAGE,
1382,1382,,,,1,APPROVED_REF,Data/Shapes/source_jpg/shape_1382.jpg,,,PDF_REFERENCE_IMAGE,
1383,1383,,,,1,APPROVED_REF,Data/Shapes/source_jpg/shape_1383.jpg,,,PDF_REFERENCE_IMAGE,
1384,1384,,,,1,APPROVED_REF,Data/Shapes/source_jpg/shape_1384.jpg,,,PDF_REFERENCE_IMAGE,
1385,1385,,,,1,APPROVED_REF,Data/Shapes/source_jpg/shape_1385.jpg,,,PDF_REFERENCE_IMAGE,
1386,1386,,,,1,APPROVED_REF,Data/Shapes/source_jpg/shape_1386.jpg,,,PDF_REFERENCE_IMAGE,
1387,1387,,,,1,APPROVED_REF,Data/Shapes/source_jpg/shape_1387.jpg,,,PDF_REFERENCE_IMAGE,
1388,1388,,,,1,APPROVED_REF,Data/Shapes/source_jpg/shape_1388.jpg,,,PDF_REFERENCE_IMAGE,
1389,1389,,,,1,APPROVED_REF,Data/Shapes/source_jpg/shape_1389.jpg,,,PDF_REFERENCE_IMAGE,
1390,1390,,,,1,APPROVED_REF,Data/Shapes/source_jpg/shape_1390.jpg,,,PDF_REFERENCE_IMAGE,
1391,1391,,,,1,APPROVED_REF,Data/Shapes/source_jpg/shape_1391.jpg,,,PDF_REFERENCE_IMAGE,
1392,1392,,,,1,APPROVED_REF,Data/Shapes/source_jpg/shape_1392.jpg,,,PDF_REFERENCE_IMAGE,
1393,1393,,,,1,APPROVED_REF,Data/Shapes/source_jpg/shape_1393.jpg,,,PDF_REFERENCE_IMAGE,
1394,1394,,,,1,APPROVED_REF,Data/Shapes/source_jpg/shape_1394.jpg,,,PDF_REFERENCE_IMAGE,
1395,1395,,,,1,APPROVED_REF,Data/Shapes/source_jpg/shape_1395.jpg,,,PDF_REFERENCE_IMAGE,
1396,1396,,,,1,APPROVED_REF,Data/Shapes/source_jpg/shape_1396.jpg,,,PDF_REFERENCE_IMAGE,
1397,1397,,,,1,APPROVED_REF,Data/Shapes/source_jpg/shape_1397.jpg,,,PDF_REFERENCE_IMAGE,
1398,1398,,,,1,APPROVED_REF,Data/Shapes/source_jpg/shape_1398.jpg,,,PDF_REFERENCE_IMAGE,
1399,1399,,,,1,APPROVED_REF,Data/Shapes/source_jpg/shape_1399.jpg,,,PDF_REFERENCE_IMAGE,
1400,1400,,,,1,APPROVED_REF,Data/Shapes/source_jpg/shape_1400.jpg,,,PDF_REFERENCE_IMAGE,
1401,1401,,,,1,APPROVED_REF,Data/Shapes/source_jpg/shape_1401.jpg,,,PDF_REFERENCE_IMAGE,
1402,1402,,,,1,APPROVED_REF,Data/Shapes/source_jpg/shape_1402.jpg,,,PDF_REFERENCE_IMAGE,
1403,1403,,,,1,APPROVED_REF,Data/Shapes/source_jpg/shape_1403.jpg,,,PDF_REFERENCE_IMAGE,
1404,1404,,,,1,APPROVED_REF,Data/Shapes/source_jpg/shape_1404.jpg,,,PDF_REFERENCE_IMAGE,
1405,1405,,,,1,APPROVED_REF,Data/Shapes/source_jpg/shape_1405.jpg,,,PDF_REFERENCE_IMAGE,
1406,1406,,,,1,APPROVED_REF,Data/Shapes/source_jpg/shape_1406.jpg,,,PDF_REFERENCE_IMAGE,
1407,1407,,,,1,APPROVED_REF,Data/Shapes/source_jpg/shape_1407.jpg,,,PDF_REFERENCE_IMAGE,
1408,1408,,,,1,APPROVED_REF,Data/Shapes/source_jpg/shape_1408.jpg,,,PDF_REFERENCE_IMAGE,
1409,1409,,,,1,APPROVED_REF,Data/Shapes/source_jpg/shape_1409.jpg,,,PDF_REFERENCE_IMAGE,
1410,1410,,,,1,APPROVED_REF,Data/Shapes/source_jpg/shape_1410.jpg,,,PDF_REFERENCE_IMAGE,
1411,1411,,,,1,APPROVED_REF,Data/Shapes/source_jpg/shape_1411.jpg,,,PDF_REFERENCE_IMAGE,
1412,1412,,,,1,APPROVED_REF,Data/Shapes/source_jpg/shape_1412.jpg,,,PDF_REFERENCE_IMAGE,
1413,1413,,,,1,APPROVED_REF,Data/Shapes/source_jpg/shape_1413.jpg,,,PDF_REFERENCE_IMAGE,
1414,1414,,,,1,APPROVED_REF,Data/Shapes/source_jpg/shape_1414.jpg,,,PDF_REFERENCE_IMAGE,
1415,1415,,,,1,APPROVED_REF,Data/Shapes/source_jpg/shape_1415.jpg,,,PDF_REFERENCE_IMAGE,
1416,1416,,,,1,APPROVED_REF,Data/Shapes/source_jpg/shape_1416.jpg,,,PDF_REFERENCE_IMAGE,
1417,1417,,,,1,APPROVED_REF,Data/Shapes/source_jpg/shape_1417.jpg,,,PDF_REFERENCE_IMAGE,
1418,1418,,,,1,APPROVED_REF,Data/Shapes/source_jpg/shape_1418.jpg,,,PDF_REFERENCE_IMAGE,
1419,1419,,,,1,APPROVED_REF,Data/Shapes/source_jpg/shape_1419.jpg,,,PDF_REFERENCE_IMAGE,
1420,1420,,,,1,APPROVED_REF,Data/Shapes/source_jpg/shape_1420.jpg,,,PDF_REFERENCE_IMAGE,
1421,1421,,,,1,APPROVED_REF,Data/Shapes/source_jpg/shape_1421.jpg,,,PDF_REFERENCE_IMAGE,
1422,1422,,,,1,APPROVED_REF,Data/Shapes/source_jpg/shape_1422.jpg,,,PDF_REFERENCE_IMAGE,
1423,1423,,,,1,APPROVED_REF,Data/Shapes/source_jpg/shape_1423.jpg,,,PDF_REFERENCE_IMAGE,
1424,1424,,,,1,APPROVED_REF,Data/Shapes/source_jpg/shape_1424.jpg,,,PDF_REFERENCE_IMAGE,
1425,1425,,,,1,APPROVED_REF,Data/Shapes/source_jpg/shape_1425.jpg,,,PDF_REFERENCE_IMAGE,
1426,1426,,,,1,APPROVED_REF,Data/Shapes/source_jpg/shape_1426.jpg,,,PDF_REFERENCE_IMAGE,
1427,1427,,,,1,APPROVED_REF,Data/Shapes/source_jpg/shape_1427.jpg,,,PDF_REFERENCE_IMAGE,
1428,1428,,,,1,APPROVED_REF,Data/Shapes/source_jpg/shape_1428.jpg,,,PDF_REFERENCE_IMAGE,
1429,1429,,,,1,APPROVED_REF,Data/Shapes/source_jpg/shape_1429.jpg,,,PDF_REFERENCE_IMAGE,
1430,1430,,,,1,APPROVED_REF,Data/Shapes/source_jpg/shape_1430.jpg,,,PDF_REFERENCE_IMAGE,
1431,1431,,,,1,APPROVED_REF,Data/Shapes/source_jpg/shape_1431.jpg,,,PDF_REFERENCE_IMAGE,
1432,1432,,,,1,APPROVED_REF,Data/Shapes/source_jpg/shape_1432.jpg,,,PDF_REFERENCE_IMAGE,
1433,1433,,,,1,APPROVED_REF,Data/Shapes/source_jpg/shape_1433.jpg,,,PDF_REFERENCE_IMAGE,
1434,1434,,,,1,APPROVED_REF,Data/Shapes/source_jpg/shape_1434.jpg,,,PDF_REFERENCE_IMAGE,
1435,1435,,,,1,APPROVED_REF,Data/Shapes/source_jpg/shape_1435.jpg,,,PDF_REFERENCE_IMAGE,
1436,1436,,,,1,APPROVED_REF,Data/Shapes/source_jpg/shape_1436.jpg,,,PDF_REFERENCE_IMAGE,
1437,1437,,,,1,APPROVED_REF,Data/Shapes/source_jpg/shape_1437.jpg,,,PDF_REFERENCE_IMAGE,
1438,1438,,,,1,APPROVED_REF,Data/Shapes/source_jpg/shape_1438.jpg,,,PDF_REFERENCE_IMAGE,
1439,1439,,,,1,APPROVED_REF,Data/Shapes/source_jpg/shape_1439.jpg,,,PDF_REFERENCE_IMAGE,
1440,1440,,,,1,APPROVED_REF,Data/Shapes/source_jpg/shape_1440.jpg,,,PDF_REFERENCE_IMAGE,
1441,1441,,,,1,APPROVED_REF,Data/Shapes/source_jpg/shape_1441.jpg,,,PDF_REFERENCE_IMAGE,
1442,1442,,,,1,APPROVED_REF,Data/Shapes/source_jpg/shape_1442.jpg,,,PDF_REFERENCE_IMAGE,
1443,1443,,,,1,APPROVED_REF,Data/Shapes/source_jpg/shape_1443.jpg,,,PDF_REFERENCE_IMAGE,
1444,1444,,,,1,APPROVED_REF,Data/Shapes/source_jpg/shape_1444.jpg,,,PDF_REFERENCE_IMAGE,
1445,1445,,,,1,APPROVED_REF,Data/Shapes/source_jpg/shape_1445.jpg,,,PDF_REFERENCE_IMAGE,
1446,1446,,,,1,APPROVED_REF,Data/Shapes/source_jpg/shape_1446.jpg,,,PDF_REFERENCE_IMAGE,
1447,1447,,,,1,APPROVED_REF,Data/Shapes/source_jpg/shape_1447.jpg,,,PDF_REFERENCE_IMAGE,
1448,1448,,,,1,APPROVED_REF,Data/Shapes/source_jpg/shape_1448.jpg,,,PDF_REFERENCE_IMAGE,
1449,1449,,,,1,APPROVED_REF,Data/Shapes/source_jpg/shape_1449.jpg,,,PDF_REFERENCE_IMAGE,
1450,1450,,,,1,APPROVED_REF,Data/Shapes/source_jpg/shape_1450.jpg,,,PDF_REFERENCE_IMAGE,
1451,1451,,,,1,APPROVED_REF,Data/Shapes/source_jpg/shape_1451.jpg,,,PDF_REFERENCE_IMAGE,
1452,1452,,,,1,APPROVED_REF,Data/Shapes/source_jpg/shape_1452.jpg,,,PDF_REFERENCE_IMAGE,
1453,1453,,,,1,APPROVED_REF,Data/Shapes/source_jpg/shape_1453.jpg,,,PDF_REFERENCE_IMAGE,
1454,1454,,,,1,APPROVED_REF,Data/Shapes/source_jpg/shape_1454.jpg,,,PDF_REFERENCE_IMAGE,
1455,1455,,,,1,APPROVED_REF,Data/Shapes/source_jpg/shape_1455.jpg,,,PDF_REFERENCE_IMAGE,
1456,1456,,,,1,APPROVED_REF,Data/Shapes/source_jpg/shape_1456.jpg,,,PDF_REFERENCE_IMAGE,
1457,1457,,,,1,APPROVED_REF,Data/Shapes/source_jpg/shape_1457.jpg,,,PDF_REFERENCE_IMAGE,
1458,1458,,,,1,APPROVED_REF,Data/Shapes/source_jpg/shape_1458.jpg,,,PDF_REFERENCE_IMAGE,
1459,1459,,,,1,APPROVED_REF,Data/Shapes/source_jpg/shape_1459.jpg,,,PDF_REFERENCE_IMAGE,
1460,1460,,,,1,APPROVED_REF,Data/Shapes/source_jpg/shape_1460.jpg,,,PDF_REFERENCE_IMAGE,
1461,1461,,,,1,APPROVED_REF,Data/Shapes/source_jpg/shape_1461.jpg,,,PDF_REFERENCE_IMAGE,
1462,1462,,,,1,APPROVED_REF,Data/Shapes/source_jpg/shape_1462.jpg,,,PDF_REFERENCE_IMAGE,
1463,1463,,,,1,APPROVED_REF,Data/Shapes/source_jpg/shape_1463.jpg,,,PDF_REFERENCE_IMAGE,
1464,1464,,,,1,APPROVED_REF,Data/Shapes/source_jpg/shape_1464.jpg,,,PDF_REFERENCE_IMAGE,
1465,1465,,,,1,APPROVED_REF,Data/Shapes/source_jpg/shape_1465.jpg,,,PDF_REFERENCE_IMAGE,
1466,1466,,,,1,APPROVED_REF,Data/Shapes/source_jpg/shape_1466.jpg,,,PDF_REFERENCE_IMAGE,
1467,1467,,,,1,APPROVED_REF,Data/Shapes/source_jpg/shape_1467.jpg,,,PDF_REFERENCE_IMAGE,
1468,1468,,,,1,APPROVED_REF,Data/Shapes/source_jpg/shape_1468.jpg,,,PDF_REFERENCE_IMAGE,
1469,1469,,,,1,APPROVED_REF,Data/Shapes/source_jpg/shape_1469.jpg,,,PDF_REFERENCE_IMAGE,
1470,1470,,,,1,APPROVED_REF,Data/Shapes/source_jpg/shape_1470.jpg,,,PDF_REFERENCE_IMAGE,
1471,1471,,,,1,APPROVED_REF,Data/Shapes/source_jpg/shape_1471.jpg,,,PDF_REFERENCE_IMAGE,
1472,1472,,,,1,APPROVED_REF,Data/Shapes/source_jpg/shape_1472.jpg,,,PDF_REFERENCE_IMAGE,
1473,1473,,,,1,APPROVED_REF,Data/Shapes/source_jpg/shape_1473.jpg,,,PDF_REFERENCE_IMAGE,
1474,1474,,,,1,APPROVED_REF,Data/Shapes/source_jpg/shape_1474.jpg,,,PDF_REFERENCE_IMAGE,
1475,1475,,,,1,APPROVED_REF,Data/Shapes/source_jpg/shape_1475.jpg,,,PDF_REFERENCE_IMAGE,
1476,1476,,,,1,APPROVED_REF,Data/Shapes/source_jpg/shape_1476.jpg,,,PDF_REFERENCE_IMAGE,
1477,1477,,,,1,APPROVED_REF,Data/Shapes/source_jpg/shape_1477.jpg,,,PDF_REFERENCE_IMAGE,
1478,1478,,,,1,APPROVED_REF,Data/Shapes/source_jpg/shape_1478.jpg,,,PDF_REFERENCE_IMAGE,
1479,1479,,,,1,APPROVED_REF,Data/Shapes/source_jpg/shape_1479.jpg,,,PDF_REFERENCE_IMAGE,
1480,1480,,,,1,APPROVED_REF,Data/Shapes/source_jpg/shape_1480.jpg,,,PDF_REFERENCE_IMAGE,
1481,1481,,,,1,APPROVED_REF,Data/Shapes/source_jpg/shape_1481.jpg,,,PDF_REFERENCE_IMAGE,
1482,1482,,,,1,APPROVED_REF,Data/Shapes/source_jpg/shape_1482.jpg,,,PDF_REFERENCE_IMAGE,
1483,1483,,,,1,APPROVED_REF,Data/Shapes/source_jpg/shape_1483.jpg,,,PDF_REFERENCE_IMAGE,
1484,1484,,,,1,APPROVED_REF,Data/Shapes/source_jpg/shape_1484.jpg,,,PDF_REFERENCE_IMAGE,
1485,1485,,,,1,APPROVED_REF,Data/Shapes/source_jpg/shape_1485.jpg,,,PDF_REFERENCE_IMAGE,
1486,1486,,,,1,APPROVED_REF,Data/Shapes/source_jpg/shape_1486.jpg,,,PDF_REFERENCE_IMAGE,
1487,1487,,,,1,APPROVED_REF,Data/Shapes/source_jpg/shape_1487.jpg,,,PDF_REFERENCE_IMAGE,
1488,1488,,,,1,APPROVED_REF,Data/Shapes/source_jpg/shape_1488.jpg,,,PDF_REFERENCE_IMAGE,
1489,1489,,,,1,APPROVED_REF,Data/Shapes/source_jpg/shape_1489.jpg,,,PDF_REFERENCE_IMAGE,
1490,1490,,,,1,APPROVED_REF,Data/Shapes/source_jpg/shape_1490.jpg,,,PDF_REFERENCE_IMAGE,
1491,1491,,,,1,APPROVED_REF,Data/Shapes/source_jpg/shape_1491.jpg,,,PDF_REFERENCE_IMAGE,
1492,1492,,,,1,APPROVED_REF,Data/Shapes/source_jpg/shape_1492.jpg,,,PDF_REFERENCE_IMAGE,
1493,1493,,,,1,APPROVED_REF,Data/Shapes/source_jpg/shape_1493.jpg,,,PDF_REFERENCE_IMAGE,
1494,1494,,,,1,APPROVED_REF,Data/Shapes/source_jpg/shape_1494.jpg,,,PDF_REFERENCE_IMAGE,
1495,1495,,,,1,APPROVED_REF,Data/Shapes/source_jpg/shape_1495.jpg,,,PDF_REFERENCE_IMAGE,
1496,1496,,,,1,APPROVED_REF,Data/Shapes/source_jpg/shape_1496.jpg,,,PDF_REFERENCE_IMAGE,
1497,1497,,,,1,APPROVED_REF,Data/Shapes/source_jpg/shape_1497.jpg,,,PDF_REFERENCE_IMAGE,
1498,1498,,,,1,APPROVED_REF,Data/Shapes/source_jpg/shape_1498.jpg,,,PDF_REFERENCE_IMAGE,
1499,1499,,,,1,APPROVED_REF,Data/Shapes/source_jpg/shape_1499.jpg,,,PDF_REFERENCE_IMAGE,
1500,1500,,,,1,APPROVED_REF,Data/Shapes/source_jpg/shape_1500.jpg,,,PDF_REFERENCE_IMAGE,
1501,1501,,,,1,APPROVED_REF,Data/Shapes/source_jpg/shape_1501.jpg,,,PDF_REFERENCE_IMAGE,
1502,1502,,,,1,APPROVED_REF,Data/Shapes/source_jpg/shape_1502.jpg,,,PDF_REFERENCE_IMAGE,
1503,1503,,,,1,APPROVED_REF,Data/Shapes/source_jpg/shape_1503.jpg,,,PDF_REFERENCE_IMAGE,
1504,1504,,,,1,APPROVED_REF,Data/Shapes/source_jpg/shape_1504.jpg,,,PDF_REFERENCE_IMAGE,
1505,1505,,,,1,APPROVED_REF,Data/Shapes/source_jpg/shape_1505.jpg,,,PDF_REFERENCE_IMAGE,
1506,1506,,,,1,APPROVED_REF,Data/Shapes/source_jpg/shape_1506.jpg,,,PDF_REFERENCE_IMAGE,
1507,1507,,,,1,APPROVED_REF,Data/Shapes/source_jpg/shape_1507.jpg,,,PDF_REFERENCE_IMAGE,
1508,1508,,,,1,APPROVED_REF,Data/Shapes/source_jpg/shape_1508.jpg,,,PDF_REFERENCE_IMAGE,
1509,1509,,,,1,APPROVED_REF,Data/Shapes/source_jpg/shape_1509.jpg,,,PDF_REFERENCE_IMAGE,
1510,1510,,,,1,APPROVED_REF,Data/Shapes/source_jpg/shape_1510.jpg,,,PDF_REFERENCE_IMAGE,
1511,1511,,,,1,APPROVED_REF,Data/Shapes/source_jpg/shape_1511.jpg,,,PDF_REFERENCE_IMAGE,
1512,1512,,,,1,APPROVED_REF,Data/Shapes/source_jpg/shape_1512.jpg,,,PDF_REFERENCE_IMAGE,
1513,1513,,,,1,APPROVED_REF,Data/Shapes/source_jpg/shape_1513.jpg,,,PDF_REFERENCE_IMAGE,
1514,1514,,,,1,APPROVED_REF,Data/Shapes/source_jpg/shape_1514.jpg,,,PDF_REFERENCE_IMAGE,
1515,1515,,,,1,APPROVED_REF,Data/Shapes/source_jpg/shape_1515.jpg,,,PDF_REFERENCE_IMAGE,
1516,1516,,,,1,APPROVED_REF,Data/Shapes/source_jpg/shape_1516.jpg,,,PDF_REFERENCE_IMAGE,
1517,1517,,,,1,APPROVED_REF,Data/Shapes/source_jpg/shape_1517.jpg,,,PDF_REFERENCE_IMAGE,
1518,1518,,,,1,APPROVED_REF,Data/Shapes/source_jpg/shape_1518.jpg,,,PDF_REFERENCE_IMAGE,
1519,1519,,,,1,APPROVED_REF,Data/Shapes/source_jpg/shape_1519.jpg,,,PDF_REFERENCE_IMAGE,
1520,1520,,,,1,APPROVED_REF,Data/Shapes/source_jpg/shape_1520.jpg,,,PDF_REFERENCE_IMAGE,
1521,1521,,,,1,APPROVED_REF,Data/Shapes/source_jpg/shape_1521.jpg,,,PDF_REFERENCE_IMAGE,
1522,1522,,,,1,APPROVED_REF,Data/Shapes/source_jpg/shape_1522.jpg,,,PDF_REFERENCE_IMAGE,
1523,1523,,,,1,APPROVED_REF,Data/Shapes/source_jpg/shape_1523.jpg,,,PDF_REFERENCE_IMAGE,
1524,1524,,,,1,APPROVED_REF,Data/Shapes/source_jpg/shape_1524.jpg,,,PDF_REFERENCE_IMAGE,
1525,1525,,,,1,APPROVED_REF,Data/Shapes/source_jpg/shape_1525.jpg,,,PDF_REFERENCE_IMAGE,
1526,1526,,,,1,APPROVED_REF,Data/Shapes/source_jpg/shape_1526.jpg,,,PDF_REFERENCE_IMAGE,
1527,1527,,,,1,APPROVED_REF,Data/Shapes/source_jpg/shape_1527.jpg,,,PDF_REFERENCE_IMAGE,
1528,1528,,,,1,APPROVED_REF,Data/Shapes/source_jpg/shape_1528.jpg,,,PDF_REFERENCE_IMAGE,
1529,1529,,,,1,APPROVED_REF,Data/Shapes/source_jpg/shape_1529.jpg,,,PDF_REFERENCE_IMAGE,
1530,1530,,,,1,APPROVED_REF,Data/Shapes/source_jpg/shape_1530.jpg,,,PDF_REFERENCE_IMAGE,
1531,1531,,,,1,APPROVED_REF,Data/Shapes/source_jpg/shape_1531.jpg,,,PDF_REFERENCE_IMAGE,
1532,1532,,,,1,APPROVED_REF,Data/Shapes/source_jpg/shape_1532.jpg,,,PDF_REFERENCE_IMAGE,
1533,1533,,,,1,APPROVED_REF,Data/Shapes/source_jpg/shape_1533.jpg,,,PDF_REFERENCE_IMAGE,
1534,1534,,,,1,APPROVED_REF,Data/Shapes/source_jpg/shape_1534.jpg,,,PDF_REFERENCE_IMAGE,
1535,1535,,,,1,APPROVED_REF,Data/Shapes/source_jpg/shape_1535.jpg,,,PDF_REFERENCE_IMAGE,
1536,1536,,,,1,APPROVED_REF,Data/Shapes/source_jpg/shape_1536.jpg,,,PDF_REFERENCE_IMAGE,
1537,1537,,,,1,APPROVED_REF,Data/Shapes/source_jpg/shape_1537.jpg,,,PDF_REFERENCE_IMAGE,
1538,1538,,,,1,APPROVED_REF,Data/Shapes/source_jpg/shape_1538.jpg,,,PDF_REFERENCE_IMAGE,
1539,1539,,,,1,APPROVED_REF,Data/Shapes/source_jpg/shape_1539.jpg,,,PDF_REFERENCE_IMAGE,
1540,1540,,,,1,APPROVED_REF,Data/Shapes/source_jpg/shape_1540.jpg,,,PDF_REFERENCE_IMAGE,
1541,1541,,,,1,APPROVED_REF,Data/Shapes/source_jpg/shape_1541.jpg,,,PDF_REFERENCE_IMAGE,
1542,1542,,,,1,APPROVED_REF,Data/Shapes/source_jpg/shape_1542.jpg,,,PDF_REFERENCE_IMAGE,
1543,1543,,,,1,APPROVED_REF,Data/Shapes/source_jpg/shape_1543.jpg,,,PDF_REFERENCE_IMAGE,
1544,1544,,,,1,APPROVED_REF,Data/Shapes/source_jpg/shape_1544.jpg,,,PDF_REFERENCE_IMAGE,
1545,1545,,,,1,APPROVED_REF,Data/Shapes/source_jpg/shape_1545.jpg,,,PDF_REFERENCE_IMAGE,
1546,1546,,,,1,APPROVED_REF,Data/Shapes/source_jpg/shape_1546.jpg,,,PDF_REFERENCE_IMAGE,
1547,1547,,,,1,APPROVED_REF,Data/Shapes/source_jpg/shape_1547.jpg,,,PDF_REFERENCE_IMAGE,
1548,1548,,,,1,APPROVED_REF,Data/Shapes/source_jpg/shape_1548.jpg,,,PDF_REFERENCE_IMAGE,
1549,1549,,,,1,APPROVED_REF,Data/Shapes/source_jpg/shape_1549.jpg,,,PDF_REFERENCE_IMAGE,
1550,1550,,,,1,APPROVED_REF,Data/Shapes/source_jpg/shape_1550.jpg,,,PDF_REFERENCE_IMAGE,
1551,1551,,,,1,APPROVED_REF,Data/Shapes/source_jpg/shape_1551.jpg,,,PDF_REFERENCE_IMAGE,
1552,1552,,,,1,APPROVED_REF,Data/Shapes/source_jpg/shape_1552.jpg,,,PDF_REFERENCE_IMAGE,
1553,1553,,,,1,APPROVED_REF,Data/Shapes/source_jpg/shape_1553.jpg,,,PDF_REFERENCE_IMAGE,
1554,1554,,,,1,APPROVED_REF,Data/Shapes/source_jpg/shape_1554.jpg,,,PDF_REFERENCE_IMAGE,
1555,1555,,,,1,APPROVED_REF,Data/Shapes/source_jpg/shape_1555.jpg,,,PDF_REFERENCE_IMAGE,
1556,1556,,,,1,APPROVED_REF,Data/Shapes/source_jpg/shape_1556.jpg,,,PDF_REFERENCE_IMAGE,
1557,1557,,,,1,APPROVED_REF,Data/Shapes/source_jpg/shape_1557.jpg,,,PDF_REFERENCE_IMAGE,
1558,1558,,,,1,APPROVED_REF,Data/Shapes/source_jpg/shape_1558.jpg,,,PDF_REFERENCE_IMAGE,
1559,1559,,,,1,APPROVED_REF,Data/Shapes/source_jpg/shape_1559.jpg,,,PDF_REFERENCE_IMAGE,
1560,1560,,,,1,APPROVED_REF,Data/Shapes/source_jpg/shape_1560.jpg,,,PDF_REFERENCE_IMAGE,
1561,1561,,,,1,APPROVED_REF,Data/Shapes/source_jpg/shape_1561.jpg,,,PDF_REFERENCE_IMAGE,
1562,1562,,,,1,APPROVED_REF,Data/Shapes/source_jpg/shape_1562.jpg,,,PDF_REFERENCE_IMAGE,
1563,1563,,,,1,APPROVED_REF,Data/Shapes/source_jpg/shape_1563.jpg,,,PDF_REFERENCE_IMAGE,
1564,1564,,,,1,APPROVED_REF,Data/Shapes/source_jpg/shape_1564.jpg,,,PDF_REFERENCE_IMAGE,
1565,1565,,,,1,APPROVED_REF,Data/Shapes/source_jpg/shape_1565.jpg,,,PDF_REFERENCE_IMAGE,
1566,1566,,,,1,APPROVED_REF,Data/Shapes/source_jpg/shape_1566.jpg,,,PDF_REFERENCE_IMAGE,
1567,1567,,,,1,APPROVED_REF,Data/Shapes/source_jpg/shape_1567.jpg,,,PDF_REFERENCE_IMAGE,
1568,1568,,,,1,APPROVED_REF,Data/Shapes/source_jpg/shape_1568.jpg,,,PDF_REFERENCE_IMAGE,
1569,1569,,,,1,APPROVED_REF,Data/Shapes/source_jpg/shape_1569.jpg,,,PDF_REFERENCE_IMAGE,
1570,1570,,,,1,APPROVED_REF,Data/Shapes/source_jpg/shape_1570.jpg,,,PDF_REFERENCE_IMAGE,
1571,1571,,,,1,APPROVED_REF,Data/Shapes/source_jpg/shape_1571.jpg,,,PDF_REFERENCE_IMAGE,
1572,1572,,,,1,APPROVED_REF,Data/Shapes/source_jpg/shape_1572.jpg,,,PDF_REFERENCE_IMAGE,
1573,1573,,,,1,APPROVED_REF,Data/Shapes/source_jpg/shape_1573.jpg,,,PDF_REFERENCE_IMAGE,
1574,1574,,,,1,APPROVED_REF,Data/Shapes/source_jpg/shape_1574.jpg,,,PDF_REFERENCE_IMAGE,
1575,1575,,,,1,APPROVED_REF,Data/Shapes/source_jpg/shape_1575.jpg,,,PDF_REFERENCE_IMAGE,
1576,1576,,,,1,APPROVED_REF,Data/Shapes/source_jpg/shape_1576.jpg,,,PDF_REFERENCE_IMAGE,
1577,1577,,,,1,APPROVED_REF,Data/Shapes/source_jpg/shape_1577.jpg,,,PDF_REFERENCE_IMAGE,
1578,1578,,,,1,APPROVED_REF,Data/Shapes/source_jpg/shape_1578.jpg,,,PDF_REFERENCE_IMAGE,
1579,1579,,,,1,APPROVED_REF,Data/Shapes/source_jpg/shape_1579.jpg,,,PDF_REFERENCE_IMAGE,
1580,1580,,,,1,APPROVED_REF,Data/Shapes/source_jpg/shape_1580.jpg,,,PDF_REFERENCE_IMAGE,
1581,1581,,,,1,APPROVED_REF,Data/Shapes/source_jpg/shape_1581.jpg,,,PDF_REFERENCE_IMAGE,
1582,1582,,,,1,APPROVED_REF,Data/Shapes/source_jpg/shape_1582.jpg,,,PDF_REFERENCE_IMAGE,
1583,1583,,,,1,APPROVED_REF,Data/Shapes/source_jpg/shape_1583.jpg,,,PDF_REFERENCE_IMAGE,
1584,1584,,,,1,APPROVED_REF,Data/Shapes/source_jpg/shape_1584.jpg,,,PDF_REFERENCE_IMAGE,
1585,1585,,,,1,APPROVED_REF,Data/Shapes/source_jpg/shape_1585.jpg,,,PDF_REFERENCE_IMAGE,
1586,1586,,,,1,APPROVED_REF,Data/Shapes/source_jpg/shape_1586.jpg,,,PDF_REFERENCE_IMAGE,
1587,1587,,,,1,APPROVED_REF,Data/Shapes/source_jpg/shape_1587.jpg,,,PDF_REFERENCE_IMAGE,
1588,1588,,,,1,APPROVED_REF,Data/Shapes/source_jpg/shape_1588.jpg,,,PDF_REFERENCE_IMAGE,
1589,1589,,,,1,APPROVED_REF,Data/Shapes/source_jpg/shape_1589.jpg,,,PDF_REFERENCE_IMAGE,
1590,1590,,,,1,APPROVED_REF,Data/Shapes/source_jpg/shape_1590.jpg,,,PDF_REFERENCE_IMAGE,
1591,1591,,,,1,APPROVED_REF,Data/Shapes/source_jpg/shape_1591.jpg,,,PDF_REFERENCE_IMAGE,
1592,1592,,,,1,APPROVED_REF,Data/Shapes/source_jpg/shape_1592.jpg,,,PDF_REFERENCE_IMAGE,
1593,1593,,,,1,APPROVED_REF,Data/Shapes/source_jpg/shape_1593.jpg,,,PDF_REFERENCE_IMAGE,
1594,1594,,,,1,APPROVED_REF,Data/Shapes/source_jpg/shape_1594.jpg,,,PDF_REFERENCE_IMAGE,
1595,1595,,,,1,APPROVED_REF,Data/Shapes/source_jpg/shape_1595.jpg,,,PDF_REFERENCE_IMAGE,
1596,1596,,,,1,APPROVED_REF,Data/Shapes/source_jpg/shape_1596.jpg,,,PDF_REFERENCE_IMAGE,
1597,1597,,,,1,APPROVED_REF,Data/Shapes/source_jpg/shape_1597.jpg,,,PDF_REFERENCE_IMAGE,
1598,1598,,,,1,APPROVED_REF,Data/Shapes/source_jpg/shape_1598.jpg,,,PDF_REFERENCE_IMAGE,
1599,1599,,,,1,APPROVED_REF,Data/Shapes/source_jpg/shape_1599.jpg,,,PDF_REFERENCE_IMAGE,
1600,1600,,,,1,APPROVED_REF,Data/Shapes/source_jpg/shape_1600.jpg,,,PDF_REFERENCE_IMAGE,
1601,1601,,,,1,APPROVED_REF,Data/Shapes/source_jpg/shape_1601.jpg,,,PDF_REFERENCE_IMAGE,
1602,1602,,,,1,APPROVED_REF,Data/Shapes/source_jpg/shape_1602.jpg,,,PDF_REFERENCE_IMAGE,
1603,1603,,,,1,APPROVED_REF,Data/Shapes/source_jpg/shape_1603.jpg,,,PDF_REFERENCE_IMAGE,
1604,1604,,,,1,APPROVED_REF,Data/Shapes/source_jpg/shape_1604.jpg,,,PDF_REFERENCE_IMAGE,
1605,1605,,,,1,APPROVED_REF,Data/Shapes/source_jpg/shape_1605.jpg,,,PDF_REFERENCE_IMAGE,
1606,1606,,,,1,APPROVED_REF,Data/Shapes/source_jpg/shape_1606.jpg,,,PDF_REFERENCE_IMAGE,
1607,1607,,,,1,APPROVED_REF,Data/Shapes/source_jpg/shape_1607.jpg,,,PDF_REFERENCE_IMAGE,
1608,1608,,,,1,APPROVED_REF,Data/Shapes/source_jpg/shape_1608.jpg,,,PDF_REFERENCE_IMAGE,
1609,1609,,,,1,APPROVED_REF,Data/Shapes/source_jpg/shape_1609.jpg,,,PDF_REFERENCE_IMAGE,
1610,1610,,,,1,APPROVED_REF,Data/Shapes/source_jpg/shape_1610.jpg,,,PDF_REFERENCE_IMAGE,
1611,1611,,,,1,APPROVED_REF,Data/Shapes/source_jpg/shape_1611.jpg,,,PDF_REFERENCE_IMAGE,
1612,1612,,,,1,APPROVED_REF,Data/Shapes/source_jpg/shape_1612.jpg,,,PDF_REFERENCE_IMAGE,
1613,1613,,,,1,APPROVED_REF,Data/Shapes/source_jpg/shape_1613.jpg,,,PDF_REFERENCE_IMAGE,
1614,1614,,,,1,APPROVED_REF,Data/Shapes/source_jpg/shape_1614.jpg,,,PDF_REFERENCE_IMAGE,
1615,1615,,,,1,APPROVED_REF,Data/Shapes/source_jpg/shape_1615.jpg,,,PDF_REFERENCE_IMAGE,
1616,1616,,,,1,APPROVED_REF,Data/Shapes/source_jpg/shape_1616.jpg,,,PDF_REFERENCE_IMAGE,
1617,1617,,,,1,APPROVED_REF,Data/Shapes/source_jpg/shape_1617.jpg,,,PDF_REFERENCE_IMAGE,
1618,1618,,,,1,APPROVED_REF,Data/Shapes/source_jpg/shape_1618.jpg,,,PDF_REFERENCE_IMAGE,
1619,1619,,,,1,APPROVED_REF,Data/Shapes/source_jpg/shape_1619.jpg,,,PDF_REFERENCE_IMAGE,
1620,1620,,,,1,APPROVED_REF,Data/Shapes/source_jpg/shape_1620.jpg,,,PDF_REFERENCE_IMAGE,
1621,1621,,,,1,APPROVED_REF,Data/Shapes/source_jpg/shape_1621.jpg,,,PDF_REFERENCE_IMAGE,
1622,1622,,,,1,APPROVED_REF,Data/Shapes/source_jpg/shape_1622.jpg,,,PDF_REFERENCE_IMAGE,
1623,1623,,,,1,APPROVED_REF,Data/Shapes/source_jpg/shape_1623.jpg,,,PDF_REFERENCE_IMAGE,
1624,1624,,,,1,APPROVED_REF,Data/Shapes/source_jpg/shape_1624.jpg,,,PDF_REFERENCE_IMAGE,
1625,1625,,,,1,APPROVED_REF,Data/Shapes/source_jpg/shape_1625.jpg,,,PDF_REFERENCE_IMAGE,
1626,1626,,,,1,APPROVED_REF,Data/Shapes/source_jpg/shape_1626.jpg,,,PDF_REFERENCE_IMAGE,
1627,1627,,,,1,APPROVED_REF,Data/Shapes/source_jpg/shape_1627.jpg,,,PDF_REFERENCE_IMAGE,
1628,1628,,,,1,APPROVED_REF,Data/Shapes/source_jpg/shape_1628.jpg,,,PDF_REFERENCE_IMAGE,
1629,1629,,,,1,APPROVED_REF,Data/Shapes/source_jpg/shape_1629.jpg,,,PDF_REFERENCE_IMAGE,
1630,1630,,,,1,APPROVED_REF,Data/Shapes/source_jpg/shape_1630.jpg,,,PDF_REFERENCE_IMAGE,
1631,1631,,,,1,APPROVED_REF,Data/Shapes/source_jpg/shape_1631.jpg,,,PDF_REFERENCE_IMAGE,
1632,1632,,,,1,APPROVED_REF,Data/Shapes/source_jpg/shape_1632.jpg,,,PDF_REFERENCE_IMAGE,
1633,1633,,,,1,APPROVED_REF,Data/Shapes/source_jpg/shape_1633.jpg,,,PDF_REFERENCE_IMAGE,
1634,1634,,,,1,APPROVED_REF,Data/Shapes/source_jpg/shape_1634.jpg,,,PDF_REFERENCE_IMAGE,
1635,1635,,,,1,APPROVED_REF,Data/Shapes/source_jpg/shape_1635.jpg,,,PDF_REFERENCE_IMAGE,
1636,1636,,,,1,APPROVED_REF,Data/Shapes/source_jpg/shape_1636.jpg,,,PDF_REFERENCE_IMAGE,
1637,1637,,,,1,APPROVED_REF,Data/Shapes/source_jpg/shape_1637.jpg,,,PDF_REFERENCE_IMAGE,
1638,1638,,,,1,APPROVED_REF,Data/Shapes/source_jpg/shape_1638.jpg,,,PDF_REFERENCE_IMAGE,
1639,1639,,,,1,APPROVED_REF,Data/Shapes/source_jpg/shape_1639.jpg,,,PDF_REFERENCE_IMAGE,
1640,1640,,,,1,APPROVED_REF,Data/Shapes/source_jpg/shape_1640.jpg,,,PDF_REFERENCE_IMAGE,
1641,1641,,,,1,APPROVED_REF,Data/Shapes/source_jpg/shape_1641.jpg,,,PDF_REFERENCE_IMAGE,
1642,1642,,,,1,APPROVED_REF,Data/Shapes/source_jpg/shape_1642.jpg,,,PDF_REFERENCE_IMAGE,
1643,1643,,,,1,APPROVED_REF,Data/Shapes/source_jpg/shape_1643.jpg,,,PDF_REFERENCE_IMAGE,
1644,1644,,,,1,APPROVED_REF,Data/Shapes/source_jpg/shape_1644.jpg,,,PDF_REFERENCE_IMAGE,
1645,1645,,,,1,APPROVED_REF,Data/Shapes/source_jpg/shape_1645.jpg,,,PDF_REFERENCE_IMAGE,
1646,1646,,,,1,APPROVED_REF,Data/Shapes/source_jpg/shape_1646.jpg,,,PDF_REFERENCE_IMAGE,
1647,1647,,,,1,APPROVED_REF,Data/Shapes/source_jpg/shape_1647.jpg,,,PDF_REFERENCE_IMAGE,
1648,1648,,,,1,APPROVED_REF,Data/Shapes/source_jpg/shape_1648.jpg,,,PDF_REFERENCE_IMAGE,
1649,1649,,,,1,APPROVED_REF,Data/Shapes/source_jpg/shape_1649.jpg,,,PDF_REFERENCE_IMAGE,
1650,1650,,,,1,APPROVED_REF,Data/Shapes/source_jpg/shape_1650.jpg,,,PDF_REFERENCE_IMAGE,
1651,1651,,,,1,APPROVED_REF,Data/Shapes/source_jpg/shape_1651.jpg,,,PDF_REFERENCE_IMAGE,
1652,1652,,,,1,APPROVED_REF,Data/Shapes/source_jpg/shape_1652.jpg,,,PDF_REFERENCE_IMAGE,
1653,1653,,,,1,APPROVED_REF,Data/Shapes/source_jpg/shape_1653.jpg,,,PDF_REFERENCE_IMAGE,
1654,1654,,,,1,APPROVED_REF,Data/Shapes/source_jpg/shape_1654.jpg,,,PDF_REFERENCE_IMAGE,
1655,1655,,,,1,APPROVED_REF,Data/Shapes/source_jpg/shape_1655.jpg,,,PDF_REFERENCE_IMAGE,
1656,1656,,,,1,APPROVED_REF,Data/Shapes/source_jpg/shape_1656.jpg,,,PDF_REFERENCE_IMAGE,
1657,1657,,,,1,APPROVED_REF,Data/Shapes/source_jpg/shape_1657.jpg,,,PDF_REFERENCE_IMAGE,
1658,1658,,,,1,APPROVED_REF,Data/Shapes/source_jpg/shape_1658.jpg,,,PDF_REFERENCE_IMAGE,
1659,1659,,,,1,APPROVED_REF,Data/Shapes/source_jpg/shape_1659.jpg,,,PDF_REFERENCE_IMAGE,
1660,1660,,,,1,APPROVED_REF,Data/Shapes/source_jpg/shape_1660.jpg,,,PDF_REFERENCE_IMAGE,
1661,1661,,,,1,APPROVED_REF,Data/Shapes/source_jpg/shape_1661.jpg,,,PDF_REFERENCE_IMAGE,
1662,1662,,,,1,APPROVED_REF,Data/Shapes/source_jpg/shape_1662.jpg,,,PDF_REFERENCE_IMAGE,
1663,1663,,,,1,APPROVED_REF,Data/Shapes/source_jpg/shape_1663.jpg,,,PDF_REFERENCE_IMAGE,
1664,1664,,,,1,APPROVED_REF,Data/Shapes/source_jpg/shape_1664.jpg,,,PDF_REFERENCE_IMAGE,
1665,1665,,,,1,APPROVED_REF,Data/Shapes/source_jpg/shape_1665.jpg,,,PDF_REFERENCE_IMAGE,
1666,1666,,,,1,APPROVED_REF,Data/Shapes/source_jpg/shape_1666.jpg,,,PDF_REFERENCE_IMAGE,
1667,1667,,,,1,APPROVED_REF,Data/Shapes/source_jpg/shape_1667.jpg,,,PDF_REFERENCE_IMAGE,
1668,1668,,,,1,APPROVED_REF,Data/Shapes/source_jpg/shape_1668.jpg,,,PDF_REFERENCE_IMAGE,
1669,1669,,,,1,APPROVED_REF,Data/Shapes/source_jpg/shape_1669.jpg,,,PDF_REFERENCE_IMAGE,
1670,1670,,,,1,APPROVED_REF,Data/Shapes/source_jpg/shape_1670.jpg,,,PDF_REFERENCE_IMAGE,
1671,1671,,,,1,APPROVED_REF,Data/Shapes/source_jpg/shape_1671.jpg,,,PDF_REFERENCE_IMAGE,
1672,1672,,,,1,APPROVED_REF,Data/Shapes/source_jpg/shape_1672.jpg,,,PDF_REFERENCE_IMAGE,
1673,1673,,,,1,APPROVED_REF,Data/Shapes/source_jpg/shape_1673.jpg,,,PDF_REFERENCE_IMAGE,
1674,1674,,,,1,APPROVED_REF,Data/Shapes/source_jpg/shape_1674.jpg,,,PDF_REFERENCE_IMAGE,
1675,1675,,,,1,APPROVED_REF,Data/Shapes/source_jpg/shape_1675.jpg,,,PDF_REFERENCE_IMAGE,
1676,1676,,,,1,APPROVED_REF,Data/Shapes/source_jpg/shape_1676.jpg,,,PDF_REFERENCE_IMAGE,
1677,1677,,,,1,APPROVED_REF,Data/Shapes/source_jpg/shape_1677.jpg,,,PDF_REFERENCE_IMAGE,
1678,1678,,,,1,APPROVED_REF,Data/Shapes/source_jpg/shape_1678.jpg,,,PDF_REFERENCE_IMAGE,
1679,1679,,,,1,APPROVED_REF,Data/Shapes/source_jpg/shape_1679.jpg,,,PDF_REFERENCE_IMAGE,
1680,1680,,,,1,APPROVED_REF,Data/Shapes/source_jpg/shape_1680.jpg,,,PDF_REFERENCE_IMAGE,
1681,1681,,,,1,APPROVED_REF,Data/Shapes/source_jpg/shape_1681.jpg,,,PDF_REFERENCE_IMAGE,
1682,1682,,,,1,APPROVED_REF,Data/Shapes/source_jpg/shape_1682.jpg,,,PDF_REFERENCE_IMAGE,
1683,1683,,,,1,APPROVED_REF,Data/Shapes/source_jpg/shape_1683.jpg,,,PDF_REFERENCE_IMAGE,
1684,1684,,,,1,APPROVED_REF,Data/Shapes/source_jpg/shape_1684.jpg,,,PDF_REFERENCE_IMAGE,
1685,1685,,,,1,APPROVED_REF,Data/Shapes/source_jpg/shape_1685.jpg,,,PDF_REFERENCE_IMAGE,
1686,1686,,,,1,APPROVED_REF,Data/Shapes/source_jpg/shape_1686.jpg,,,PDF_REFERENCE_IMAGE,
1687,1687,,,,1,APPROVED_REF,Data/Shapes/source_jpg/shape_1687.jpg,,,PDF_REFERENCE_IMAGE,
1688,1688,,,,1,APPROVED_REF,Data/Shapes/source_jpg/shape_1688.jpg,,,PDF_REFERENCE_IMAGE,
1689,1689,,,,1,APPROVED_REF,Data/Shapes/source_jpg/shape_1689.jpg,,,PDF_REFERENCE_IMAGE,
1690,1690,,,,1,APPROVED_REF,Data/Shapes/source_jpg/shape_1690.jpg,,,PDF_REFERENCE_IMAGE,
1691,1691,,,,1,APPROVED_REF,Data/Shapes/source_jpg/shape_1691.jpg,,,PDF_REFERENCE_IMAGE,
1692,1692,,,,1,APPROVED_REF,Data/Shapes/source_jpg/shape_1692.jpg,,,PDF_REFERENCE_IMAGE,
1693,1693,,,,1,APPROVED_REF,Data/Shapes/source_jpg/shape_1693.jpg,,,PDF_REFERENCE_IMAGE,
1694,1694,,,,1,APPROVED_REF,Data/Shapes/source_jpg/shape_1694.jpg,,,PDF_REFERENCE_IMAGE,
1695,1695,,,,1,APPROVED_REF,Data/Shapes/source_jpg/shape_1695.jpg,,,PDF_REFERENCE_IMAGE,
1696,1696,,,,1,APPROVED_REF,Data/Shapes/source_jpg/shape_1696.jpg,,,PDF_REFERENCE_IMAGE,
1697,1697,,,,1,APPROVED_REF,Data/Shapes/source_jpg/shape_1697.jpg,,,PDF_REFERENCE_IMAGE,
1698,1698,,,,1,APPROVED_REF,Data/Shapes/source_jpg/shape_1698.jpg,,,PDF_REFERENCE_IMAGE,
1699,1699,,,,1,APPROVED_REF,Data/Shapes/source_jpg/shape_1699.jpg,,,PDF_REFERENCE_IMAGE,
1700,1700,,,,1,APPROVED_REF,Data/Shapes/source_jpg/shape_1700.jpg,,,PDF_REFERENCE_IMAGE,
1701,1701,,,,1,APPROVED_REF,Data/Shapes/source_jpg/shape_1701.jpg,,,PDF_REFERENCE_IMAGE,
1702,1702,,,,1,APPROVED_REF,Data/Shapes/source_jpg/shape_1702.jpg,,,PDF_REFERENCE_IMAGE,
1703,1703,,,,1,APPROVED_REF,Data/Shapes/source_jpg/shape_1703.jpg,,,PDF_REFERENCE_IMAGE,
1704,1704,,,,1,APPROVED_REF,Data/Shapes/source_jpg/shape_1704.jpg,,,PDF_REFERENCE_IMAGE,
1705,1705,,,,1,APPROVED_REF,Data/Shapes/source_jpg/shape_1705.jpg,,,PDF_REFERENCE_IMAGE,
1706,1706,,,,1,APPROVED_REF,Data/Shapes/source_jpg/shape_1706.jpg,,,PDF_REFERENCE_IMAGE,
1707,1707,,,,1,APPROVED_REF,Data/Shapes/source_jpg/shape_1707.jpg,,,PDF_REFERENCE_IMAGE,
1708,1708,,,,1,APPROVED_REF,Data/Shapes/source_jpg/shape_1708.jpg,,,PDF_REFERENCE_IMAGE,
1709,1709,,,,1,APPROVED_REF,Data/Shapes/source_jpg/shape_1709.jpg,,,PDF_REFERENCE_IMAGE,
1710,1710,,,,1,APPROVED_REF,Data/Shapes/source_jpg/shape_1710.jpg,,,PDF_REFERENCE_IMAGE,
1711,1711,,,,1,APPROVED_REF,Data/Shapes/source_jpg/shape_1711.jpg,,,PDF_REFERENCE_IMAGE,
1712,1712,,,,1,APPROVED_REF,Data/Shapes/source_jpg/shape_1712.jpg,,,PDF_REFERENCE_IMAGE,
1713,1713,,,,1,APPROVED_REF,Data/Shapes/source_jpg/shape_1713.jpg,,,PDF_REFERENCE_IMAGE,
1714,1714,,,,1,APPROVED_REF,Data/Shapes/source_jpg/shape_1714.jpg,,,PDF_REFERENCE_IMAGE,
1715,1715,,,,1,APPROVED_REF,Data/Shapes/source_jpg/shape_1715.jpg,,,PDF_REFERENCE_IMAGE,
1716,1716,,,,1,APPROVED_REF,Data/Shapes/source_jpg/shape_1716.jpg,,,PDF_REFERENCE_IMAGE,
1717,1717,,,,1,APPROVED_REF,Data/Shapes/source_jpg/shape_1717.jpg,,,PDF_REFERENCE_IMAGE,
1718,1718,,,,1,APPROVED_REF,Data/Shapes/source_jpg/shape_1718.jpg,,,PDF_REFERENCE_IMAGE,
1719,1719,,,,1,APPROVED_REF,Data/Shapes/source_jpg/shape_1719.jpg,,,PDF_REFERENCE_IMAGE,
1720,1720,,,,1,APPROVED_REF,Data/Shapes/source_jpg/shape_1720.jpg,,,PDF_REFERENCE_IMAGE,
1721,1721,,,,1,APPROVED_REF,Data/Shapes/source_jpg/shape_1721.jpg,,,PDF_REFERENCE_IMAGE,
1722,1722,,,,1,APPROVED_REF,Data/Shapes/source_jpg/shape_1722.jpg,,,PDF_REFERENCE_IMAGE,
1723,1723,,,,1,APPROVED_REF,Data/Shapes/source_jpg/shape_1723.jpg,,,PDF_REFERENCE_IMAGE,
1724,1724,,,,1,APPROVED_REF,Data/Shapes/source_jpg/shape_1724.jpg,,,PDF_REFERENCE_IMAGE,
1725,1725,,,,1,APPROVED_REF,Data/Shapes/source_jpg/shape_1725.jpg,,,PDF_REFERENCE_IMAGE,
1726,1726,,,,1,APPROVED_REF,Data/Shapes/source_jpg/shape_1726.jpg,,,PDF_REFERENCE_IMAGE,
1727,1727,,,,1,APPROVED_REF,Data/Shapes/source_jpg/shape_1727.jpg,,,PDF_REFERENCE_IMAGE,
1728,1728,,,,1,APPROVED_REF,Data/Shapes/source_jpg/shape_1728.jpg,,,PDF_REFERENCE_IMAGE,
1729,1729,,,,1,APPROVED_REF,Data/Shapes/source_jpg/shape_1729.jpg,,,PDF_REFERENCE_IMAGE,
1730,1730,,,,1,APPROVED_REF,Data/Shapes/source_jpg/shape_1730.jpg,,,PDF_REFERENCE_IMAGE,
1731,1731,,,,1,APPROVED_REF,Data/Shapes/source_jpg/shape_1731.jpg,,,PDF_REFERENCE_IMAGE,
1732,1732,,,,1,APPROVED_REF,Data/Shapes/source_jpg/shape_1732.jpg,,,PDF_REFERENCE_IMAGE,
1733,1733,,,,1,APPROVED_REF,Data/Shapes/source_jpg/shape_1733.jpg,,,PDF_REFERENCE_IMAGE,
1734,1734,,,,1,APPROVED_REF,Data/Shapes/source_jpg/shape_1734.jpg,,,PDF_REFERENCE_IMAGE,
1735,1735,,,,1,APPROVED_REF,Data/Shapes/source_jpg/shape_1735.jpg,,,PDF_REFERENCE_IMAGE,
1736,1736,,,,1,APPROVED_REF,Data/Shapes/source_jpg/shape_1736.jpg,,,PDF_REFERENCE_IMAGE,
1737,1737,,,,1,APPROVED_REF,Data/Shapes/source_jpg/shape_1737.jpg,,,PDF_REFERENCE_IMAGE,
1738,1738,,,,1,APPROVED_REF,Data/Shapes/source_jpg/shape_1738.jpg,,,PDF_REFERENCE_IMAGE,
1739,1739,,,,1,APPROVED_REF,Data/Shapes/source_jpg/shape_1739.jpg,,,PDF_REFERENCE_IMAGE,
1740,1740,,,,1,APPROVED_REF,Data/Shapes/source_jpg/shape_1740.jpg,,,PDF_REFERENCE_IMAGE,
1741,1741,,,,1,APPROVED_REF,Data/Shapes/source_jpg/shape_1741.jpg,,,PDF_REFERENCE_IMAGE,
1742,1742,,,,1,APPROVED_REF,Data/Shapes/source_jpg/shape_1742.jpg,,,PDF_REFERENCE_IMAGE,
1743,1743,,,,1,APPROVED_REF,Data/Shapes/source_jpg/shape_1743.jpg,,,PDF_REFERENCE_IMAGE,
1744,1744,,,,1,APPROVED_REF,Data/Shapes/source_jpg/shape_1744.jpg,,,PDF_REFERENCE_IMAGE,
1745,1745,,,,1,APPROVED_REF,Data/Shapes/source_jpg/shape_1745.jpg,,,PDF_REFERENCE_IMAGE,
1746,1746,,,,1,APPROVED_REF,Data/Shapes/source_jpg/shape_1746.jpg,,,PDF_REFERENCE_IMAGE,
1747,1747,,,,1,APPROVED_REF,Data/Shapes/source_jpg/shape_1747.jpg,,,PDF_REFERENCE_IMAGE,
1748,1748,,,,1,APPROVED_REF,Data/Shapes/source_jpg/shape_1748.jpg,,,PDF_REFERENCE_IMAGE,
1749,1749,,,,1,APPROVED_REF,Data/Shapes/source_jpg/shape_1749.jpg,,,PDF_REFERENCE_IMAGE,
1750,1750,,,,1,APPROVED_REF,Data/Shapes/source_jpg/shape_1750.jpg,,,PDF_REFERENCE_IMAGE,
1751,1751,,,,1,APPROVED_REF,Data/Shapes/source_jpg/shape_1751.jpg,,,PDF_REFERENCE_IMAGE,
1752,1752,,,,1,APPROVED_REF,Data/Shapes/source_jpg/shape_1752.jpg,,,PDF_REFERENCE_IMAGE,
1753,1753,,,,1,APPROVED_REF,Data/Shapes/source_jpg/shape_1753.jpg,,,PDF_REFERENCE_IMAGE,
1754,1754,,,,1,APPROVED_REF,Data/Shapes/source_jpg/shape_1754.jpg,,,PDF_REFERENCE_IMAGE,
1755,1755,,,,1,APPROVED_REF,Data/Shapes/source_jpg/shape_1755.jpg,,,PDF_REFERENCE_IMAGE,
1756,1756,,,,1,APPROVED_REF,Data/Shapes/source_jpg/shape_1756.jpg,,,PDF_REFERENCE_IMAGE,
1757,1757,,,,1,APPROVED_REF,Data/Shapes/source_jpg/shape_1757.jpg,,,PDF_REFERENCE_IMAGE,
1758,1758,,,,1,APPROVED_REF,Data/Shapes/source_jpg/shape_1758.jpg,,,PDF_REFERENCE_IMAGE,
1759,1759,,,,1,APPROVED_REF,Data/Shapes/source_jpg/shape_1759.jpg,,,PDF_REFERENCE_IMAGE,
1760,1760,,,,1,APPROVED_REF,Data/Shapes/source_jpg/shape_1760.jpg,,,PDF_REFERENCE_IMAGE,
1761,1761,,,,1,APPROVED_REF,Data/Shapes/source_jpg/shape_1761.jpg,,,PDF_REFERENCE_IMAGE,
1762,1762,,,,1,APPROVED_REF,Data/Shapes/source_jpg/shape_1762.jpg,,,PDF_REFERENCE_IMAGE,
1763,1763,,,,1,APPROVED_REF,Data/Shapes/source_jpg/shape_1763.jpg,,,PDF_REFERENCE_IMAGE,
1764,1764,,,,1,APPROVED_REF,Data/Shapes/source_jpg/shape_1764.jpg,,,PDF_REFERENCE_IMAGE,
1765,1765,,,,1,APPROVED_REF,Data/Shapes/source_jpg/shape_1765.jpg,,,PDF_REFERENCE_IMAGE,
1766,1766,,,,1,APPROVED_REF,Data/Shapes/source_jpg/shape_1766.jpg,,,PDF_REFERENCE_IMAGE,
1767,1767,,,,1,APPROVED_REF,Data/Shapes/source_jpg/shape_1767.jpg,,,PDF_REFERENCE_IMAGE,
1768,1768,,,,1,APPROVED_REF,Data/Shapes/source_jpg/shape_1768.jpg,,,PDF_REFERENCE_IMAGE,
1769,1769,,,,1,APPROVED_REF,Data/Shapes/source_jpg/shape_1769.jpg,,,PDF_REFERENCE_IMAGE,
1770,1770,,,,1,APPROVED_REF,Data/Shapes/source_jpg/shape_1770.jpg,,,PDF_REFERENCE_IMAGE,
1771,1771,,,,1,APPROVED_REF,Data/Shapes/source_jpg/shape_1771.jpg,,,PDF_REFERENCE_IMAGE,
1772,1772,,,,1,APPROVED_REF,Data/Shapes/source_jpg/shape_1772.jpg,,,PDF_REFERENCE_IMAGE,
1773,1773,,,,1,APPROVED_REF,Data/Shapes/source_jpg/shape_1773.jpg,,,PDF_REFERENCE_IMAGE,
1774,1774,,,,1,APPROVED_REF,Data/Shapes/source_jpg/shape_1774.jpg,,,PDF_REFERENCE_IMAGE,
1775,1775,,,,1,APPROVED_REF,Data/Shapes/source_jpg/shape_1775.jpg,,,PDF_REFERENCE_IMAGE,
1776,1776,,,,1,APPROVED_REF,Data/Shapes/source_jpg/shape_1776.jpg,,,PDF_REFERENCE_IMAGE,
1777,1777,,,,1,APPROVED_REF,Data/Shapes/source_jpg/shape_1777.jpg,,,PDF_REFERENCE_IMAGE,
1778,1778,,,,1,APPROVED_REF,Data/Shapes/source_jpg/shape_1778.jpg,,,PDF_REFERENCE_IMAGE,
1779,1779,,,,1,APPROVED_REF,Data/Shapes/source_jpg/shape_1779.jpg,,,PDF_REFERENCE_IMAGE,
1780,1780,,,,1,APPROVED_REF,Data/Shapes/source_jpg/shape_1780.jpg,,,PDF_REFERENCE_IMAGE,
1781,1781,,,,1,APPROVED_REF,Data/Shapes/source_jpg/shape_1781.jpg,,,PDF_REFERENCE_IMAGE,
1782,1782,,,,1,APPROVED_REF,Data/Shapes/source_jpg/shape_1782.jpg,,,PDF_REFERENCE_IMAGE,
1783,1783,,,,1,APPROVED_REF,Data/Shapes/source_jpg/shape_1783.jpg,,,PDF_REFERENCE_IMAGE,
1784,1784,,,,1,APPROVED_REF,Data/Shapes/source_jpg/shape_1784.jpg,,,PDF_REFERENCE_IMAGE,
1785,1785,,,,1,APPROVED_REF,Data/Shapes/source_jpg/shape_1785.jpg,,,PDF_REFERENCE_IMAGE,
1786,1786,,,,1,APPROVED_REF,Data/Shapes/source_jpg/shape_1786.jpg,,,PDF_REFERENCE_IMAGE,
1787,1787,,,,1,APPROVED_REF,Data/Shapes/source_jpg/shape_1787.jpg,,,PDF_REFERENCE_IMAGE,
1788,1788,,,,1,APPROVED_REF,Data/Shapes/source_jpg/shape_1788.jpg,,,PDF_REFERENCE_IMAGE,
1789,1789,,,,1,APPROVED_REF,Data/Shapes/source_jpg/shape_1789.jpg,,,PDF_REFERENCE_IMAGE,
1790,1790,,,,1,APPROVED_REF,Data/Shapes/source_jpg/shape_1790.jpg,,,PDF_REFERENCE_IMAGE,
1791,1791,,,,1,APPROVED_REF,Data/Shapes/source_jpg/shape_1791.jpg,,,PDF_REFERENCE_IMAGE,
1792,1792,,,,1,APPROVED_REF,Data/Shapes/source_jpg/shape_1792.jpg,,,PDF_REFERENCE_IMAGE,
1793,1793,,,,1,APPROVED_REF,Data/Shapes/source_jpg/shape_1793.jpg,,,PDF_REFERENCE_IMAGE,
1794,1794,,,,1,APPROVED_REF,Data/Shapes/source_jpg/shape_1794.jpg,,,PDF_REFERENCE_IMAGE,
1795,1795,,,,1,APPROVED_REF,Data/Shapes/source_jpg/shape_1795.jpg,,,PDF_REFERENCE_IMAGE,
1796,1796,,,,1,APPROVED_REF,Data/Shapes/source_jpg/shape_1796.jpg,,,PDF_REFERENCE_IMAGE,
1797,1797,,,,1,APPROVED_REF,Data/Shapes/source_jpg/shape_1797.jpg,,,PDF_REFERENCE_IMAGE,
1798,1798,,,,1,APPROVED_REF,Data/Shapes/source_jpg/shape_1798.jpg,,,PDF_REFERENCE_IMAGE,
1799,1799,,,,1,APPROVED_REF,Data/Shapes/source_jpg/shape_1799.jpg,,,PDF_REFERENCE_IMAGE,
1800,1800,,,,1,APPROVED_REF,Data/Shapes/source_jpg/shape_1800.jpg,,,PDF_REFERENCE_IMAGE,
1801,1801,,,,1,APPROVED_REF,Data/Shapes/source_jpg/shape_1801.jpg,,,PDF_REFERENCE_IMAGE,
1802,1802,,,,1,APPROVED_REF,Data/Shapes/source_jpg/shape_1802.jpg,,,PDF_REFERENCE_IMAGE,
1803,1803,,,,1,APPROVED_REF,Data/Shapes/source_jpg/shape_1803.jpg,,,PDF_REFERENCE_IMAGE,
1804,1804,,,,1,APPROVED_REF,Data/Shapes/source_jpg/shape_1804.jpg,,,PDF_REFERENCE_IMAGE,
1805,1805,,,,1,APPROVED_REF,Data/Shapes/source_jpg/shape_1805.jpg,,,PDF_REFERENCE_IMAGE,
1806,1806,,,,1,APPROVED_REF,Data/Shapes/source_jpg/shape_1806.jpg,,,PDF_REFERENCE_IMAGE,
1807,1807,,,,1,APPROVED_REF,Data/Shapes/source_jpg/shape_1807.jpg,,,PDF_REFERENCE_IMAGE,
1808,1808,,,,1,APPROVED_REF,Data/Shapes/source_jpg/shape_1808.jpg,,,PDF_REFERENCE_IMAGE,
1809,1809,,,,1,APPROVED_REF,Data/Shapes/source_jpg/shape_1809.jpg,,,PDF_REFERENCE_IMAGE,
1810,1810,,,,1,APPROVED_REF,Data/Shapes/source_jpg/shape_1810.jpg,,,PDF_REFERENCE_IMAGE,
1811,1811,,,,1,APPROVED_REF,Data/Shapes/source_jpg/shape_1811.jpg,,,PDF_REFERENCE_IMAGE,
1812,1812,,,,1,APPROVED_REF,Data/Shapes/source_jpg/shape_1812.jpg,,,PDF_REFERENCE_IMAGE,
1813,1813,,,,1,APPROVED_REF,Data/Shapes/source_jpg/shape_1813.jpg,,,PDF_REFERENCE_IMAGE,
1814,1814,,,,1,APPROVED_REF,Data/Shapes/source_jpg/shape_1814.jpg,,,PDF_REFERENCE_IMAGE,
1815,1815,,,,1,APPROVED_REF,Data/Shapes/source_jpg/shape_1815.jpg,,,PDF_REFERENCE_IMAGE,
1816,1816,,,,1,APPROVED_REF,Data/Shapes/source_jpg/shape_1816.jpg,,,PDF_REFERENCE_IMAGE,
1817,1817,,,,1,APPROVED_REF,Data/Shapes/source_jpg/shape_1817.jpg,,,PDF_REFERENCE_IMAGE,
1818,1818,,,,1,APPROVED_REF,Data/Shapes/source_jpg/shape_1818.jpg,,,PDF_REFERENCE_IMAGE,
1819,1819,,,,1,APPROVED_REF,Data/Shapes/source_jpg/shape_1819.jpg,,,PDF_REFERENCE_IMAGE,
1820,1820,,,,1,APPROVED_REF,Data/Shapes/source_jpg/shape_1820.jpg,,,PDF_REFERENCE_IMAGE,
1821,1821,,,,1,APPROVED_REF,Data/Shapes/source_jpg/shape_1821.jpg,,,PDF_REFERENCE_IMAGE,
1822,1822,,,,1,APPROVED_REF,Data/Shapes/source_jpg/shape_1822.jpg,,,PDF_REFERENCE_IMAGE,
1823,1823,,,,1,APPROVED_REF,Data/Shapes/source_jpg/shape_1823.jpg,,,PDF_REFERENCE_IMAGE,
1824,1824,,,,1,APPROVED_REF,Data/Shapes/source_jpg/shape_1824.jpg,,,PDF_REFERENCE_IMAGE,
1825,1825,,,,1,APPROVED_REF,Data/Shapes/source_jpg/shape_1825.jpg,,,PDF_REFERENCE_IMAGE,
1826,1826,,,,1,APPROVED_REF,Data/Shapes/source_jpg/shape_1826.jpg,,,PDF_REFERENCE_IMAGE,
1827,1827,,,,1,APPROVED_REF,Data/Shapes/source_jpg/shape_1827.jpg,,,PDF_REFERENCE_IMAGE,
1828,1828,,,,1,APPROVED_REF,Data/Shapes/source_jpg/shape_1828.jpg,,,PDF_REFERENCE_IMAGE,
1829,1829,,,,1,APPROVED_REF,Data/Shapes/source_jpg/shape_1829.jpg,,,PDF_REFERENCE_IMAGE,
1830,1830,,,,1,APPROVED_REF,Data/Shapes/source_jpg/shape_1830.jpg,,,PDF_REFERENCE_IMAGE,
1831,1831,,,,1,APPROVED_REF,Data/Shapes/source_jpg/shape_1831.jpg,,,PDF_REFERENCE_IMAGE,
1832,1832,,,,1,APPROVED_REF,Data/Shapes/source_jpg/shape_1832.jpg,,,PDF_REFERENCE_IMAGE,
1833,1833,,,,1,APPROVED_REF,Data/Shapes/source_jpg/shape_1833.jpg,,,PDF_REFERENCE_IMAGE,
1834,1834,,,,1,APPROVED_REF,Data/Shapes/source_jpg/shape_1834.jpg,,,PDF_REFERENCE_IMAGE,
1835,1835,,,,1,APPROVED_REF,Data/Shapes/source_jpg/shape_1835.jpg,,,PDF_REFERENCE_IMAGE,
1836,1836,,,,1,APPROVED_REF,Data/Shapes/source_jpg/shape_1836.jpg,,,PDF_REFERENCE_IMAGE,
1837,1837,,,,1,APPROVED_REF,Data/Shapes/source_jpg/shape_1837.jpg,,,PDF_REFERENCE_IMAGE,
1838,1838,,,,1,APPROVED_REF,Data/Shapes/source_jpg/shape_1838.jpg,,,PDF_REFERENCE_IMAGE,
1839,1839,,,,1,APPROVED_REF,Data/Shapes/source_jpg/shape_1839.jpg,,,PDF_REFERENCE_IMAGE,
1840,1840,,,,1,APPROVED_REF,Data/Shapes/source_jpg/shape_1840.jpg,,,PDF_REFERENCE_IMAGE,
1841,1841,,,,1,APPROVED_REF,Data/Shapes/source_jpg/shape_1841.jpg,,,PDF_REFERENCE_IMAGE,
1842,1842,,,,1,APPROVED_REF,Data/Shapes/source_jpg/shape_1842.jpg,,,PDF_REFERENCE_IMAGE,
1843,1843,,,,1,APPROVED_REF,Data/Shapes/source_jpg/shape_1843.jpg,,,PDF_REFERENCE_IMAGE,
1844,1844,,,,1,APPROVED_REF,Data/Shapes/source_jpg/shape_1844.jpg,,,PDF_REFERENCE_IMAGE,
1845,1845,,,,1,APPROVED_REF,Data/Shapes/source_jpg/shape_1845.jpg,,,PDF_REFERENCE_IMAGE,
1846,1846,,,,1,APPROVED_REF,Data/Shapes/source_jpg/shape_1846.jpg,,,PDF_REFERENCE_IMAGE,
1847,1847,,,,1,APPROVED_REF,Data/Shapes/source_jpg/shape_1847.jpg,,,PDF_REFERENCE_IMAGE,
1848,1848,,,,1,APPROVED_REF,Data/Shapes/source_jpg/shape_1848.jpg,,,PDF_REFERENCE_IMAGE,
1849,1849,,,,1,APPROVED_REF,Data/Shapes/source_jpg/shape_1849.jpg,,,PDF_REFERENCE_IMAGE,
1850,1850,,,,1,APPROVED_REF,Data/Shapes/source_jpg/shape_1850.jpg,,,PDF_REFERENCE_IMAGE,
1851,1851,,,,1,APPROVED_REF,Data/Shapes/source_jpg/shape_1851.jpg,,,PDF_REFERENCE_IMAGE,
1852,1852,,,,1,APPROVED_REF,Data/Shapes/source_jpg/shape_1852.jpg,,,PDF_REFERENCE_IMAGE,
1853,1853,,,,1,APPROVED_REF,Data/Shapes/source_jpg/shape_1853.jpg,,,PDF_REFERENCE_IMAGE,
1854,1854,,,,1,APPROVED_REF,Data/Shapes/source_jpg/shape_1854.jpg,,,PDF_REFERENCE_IMAGE,
1855,1855,,,,1,APPROVED_REF,Data/Shapes/source_jpg/shape_1855.jpg,,,PDF_REFERENCE_IMAGE,
1856,1856,,,,1,APPROVED_REF,Data/Shapes/source_jpg/shape_1856.jpg,,,PDF_REFERENCE_IMAGE,
1857,1857,,,,1,APPROVED_REF,Data/Shapes/source_jpg/shape_1857.jpg,,,PDF_REFERENCE_IMAGE,
1858,1858,,,,1,APPROVED_REF,Data/Shapes/source_jpg/shape_1858.jpg,,,PDF_REFERENCE_IMAGE,
1859,1859,,,,1,APPROVED_REF,Data/Shapes/source_jpg/shape_1859.jpg,,,PDF_REFERENCE_IMAGE,
1860,1860,,,,1,APPROVED_REF,Data/Shapes/source_jpg/shape_1860.jpg,,,PDF_REFERENCE_IMAGE,
1861,1861,,,,1,APPROVED_REF,Data/Shapes/source_jpg/shape_1861.jpg,,,PDF_REFERENCE_IMAGE,
1862,1862,,,,1,APPROVED_REF,Data/Shapes/source_jpg/shape_1862.jpg,,,PDF_REFERENCE_IMAGE,
1863,1863,,,,1,APPROVED_REF,Data/Shapes/source_jpg/shape_1863.jpg,,,PDF_REFERENCE_IMAGE,
1864,1864,,,,1,APPROVED_REF,Data/Shapes/source_jpg/shape_1864.jpg,,,PDF_REFERENCE_IMAGE,
1865,1865,,,,1,APPROVED_REF,Data/Shapes/source_jpg/shape_1865.jpg,,,PDF_REFERENCE_IMAGE,
1866,1866,,,,1,APPROVED_REF,Data/Shapes/source_jpg/shape_1866.jpg,,,PDF_REFERENCE_IMAGE,
1867,1867,,,,1,APPROVED_REF,Data/Shapes/source_jpg/shape_1867.jpg,,,PDF_REFERENCE_IMAGE,
1868,1868,,,,1,APPROVED_REF,Data/Shapes/source_jpg/shape_1868.jpg,,,PDF_REFERENCE_IMAGE,
1869,1869,,,,1,APPROVED_REF,Data/Shapes/source_jpg/shape_1869.jpg,,,PDF_REFERENCE_IMAGE,
1870,1870,,,,1,APPROVED_REF,Data/Shapes/source_jpg/shape_1870.jpg,,,PDF_REFERENCE_IMAGE,
1871,1871,,,,1,APPROVED_REF,Data/Shapes/source_jpg/shape_1871.jpg,,,PDF_REFERENCE_IMAGE,
1872,1872,,,,1,APPROVED_REF,Data/Shapes/source_jpg/shape_1872.jpg,,,PDF_REFERENCE_IMAGE,
1873,1873,,,,1,APPROVED_REF,Data/Shapes/source_jpg/shape_1873.jpg,,,PDF_REFERENCE_IMAGE,
1874,1874,,,,1,APPROVED_REF,Data/Shapes/source_jpg/shape_1874.jpg,,,PDF_REFERENCE_IMAGE,
1875,1875,,,,1,APPROVED_REF,Data/Shapes/source_jpg/shape_1875.jpg,,,PDF_REFERENCE_IMAGE,
1876,1876,,,,1,APPROVED_REF,Data/Shapes/source_jpg/shape_1876.jpg,,,PDF_REFERENCE_IMAGE,
1877,1877,,,,1,APPROVED_REF,Data/Shapes/source_jpg/shape_1877.jpg,,,PDF_REFERENCE_IMAGE,
1878,1878,,,,1,APPROVED_REF,Data/Shapes/source_jpg/shape_1878.jpg,,,PDF_REFERENCE_IMAGE,
1879,1879,,,,1,APPROVED_REF,Data/Shapes/source_jpg/shape_1879.jpg,,,PDF_REFERENCE_IMAGE,
1880,1880,,,,1,APPROVED_REF,Data/Shapes/source_jpg/shape_1880.jpg,,,PDF_REFERENCE_IMAGE,
1881,1881,,,,1,APPROVED_REF,Data/Shapes/source_jpg/shape_1881.jpg,,,PDF_REFERENCE_IMAGE,
1882,1882,,,,1,APPROVED_REF,Data/Shapes/source_jpg/shape_1882.jpg,,,PDF_REFERENCE_IMAGE,
1883,1883,,,,1,APPROVED_REF,Data/Shapes/source_jpg/shape_1883.jpg,,,PDF_REFERENCE_IMAGE,
1884,1884,,,,1,APPROVED_REF,Data/Shapes/source_jpg/shape_1884.jpg,,,PDF_REFERENCE_IMAGE,
1885,1885,,,,1,APPROVED_REF,Data/Shapes/source_jpg/shape_1885.jpg,,,PDF_REFERENCE_IMAGE,
1886,1886,,,,1,APPROVED_REF,Data/Shapes/source_jpg/shape_1886.jpg,,,PDF_REFERENCE_IMAGE,
1887,1887,,,,1,APPROVED_REF,Data/Shapes/source_jpg/shape_1887.jpg,,,PDF_REFERENCE_IMAGE,
1888,1888,,,,1,APPROVED_REF,Data/Shapes/source_jpg/shape_1888.jpg,,,PDF_REFERENCE_IMAGE,
1889,1889,,,,1,APPROVED_REF,Data/Shapes/source_jpg/shape_1889.jpg,,,PDF_REFERENCE_IMAGE,
1890,1890,,,,1,APPROVED_REF,Data/Shapes/source_jpg/shape_1890.jpg,,,PDF_REFERENCE_IMAGE,
1891,1891,,,,1,APPROVED_REF,Data/Shapes/source_jpg/shape_1891.jpg,,,PDF_REFERENCE_IMAGE,
1892,1892,,,,1,APPROVED_REF,Data/Shapes/source_jpg/shape_1892.jpg,,,PDF_REFERENCE_IMAGE,
1893,1893,,,,1,APPROVED_REF,Data/Shapes/source_jpg/shape_1893.jpg,,,PDF_REFERENCE_IMAGE,
1894,1894,,,,1,APPROVED_REF,Data/Shapes/source_jpg/shape_1894.jpg,,,PDF_REFERENCE_IMAGE,
1895,1895,,,,1,APPROVED_REF,Data/Shapes/source_jpg/shape_1895.jpg,,,PDF_REFERENCE_IMAGE,
1896,1896,,,,1,APPROVED_REF,Data/Shapes/source_jpg/shape_1896.jpg,,,PDF_REFERENCE_IMAGE,
1897,1897,,,,1,APPROVED_REF,Data/Shapes/source_jpg/shape_1897.jpg,,,PDF_REFERENCE_IMAGE,
1898,1898,,,,1,APPROVED_REF,Data/Shapes/source_jpg/shape_1898.jpg,,,PDF_REFERENCE_IMAGE,
1899,1899,,,,1,APPROVED_REF,Data/Shapes/source_jpg/shape_1899.jpg,,,PDF_REFERENCE_IMAGE,
1900,1900,,,,1,APPROVED_REF,Data/Shapes/source_jpg/shape_1900.jpg,,,PDF_REFERENCE_IMAGE,
1901,1901,,,,1,APPROVED_REF,Data/Shapes/source_jpg/shape_1901.jpg,,,PDF_REFERENCE_IMAGE,
1902,1902,,,,1,APPROVED_REF,Data/Shapes/source_jpg/shape_1902.jpg,,,PDF_REFERENCE_IMAGE,
1903,1903,,,,1,APPROVED_REF,Data/Shapes/source_jpg/shape_1903.jpg,,,PDF_REFERENCE_IMAGE,
1904,1904,,,,1,APPROVED_REF,Data/Shapes/source_jpg/shape_1904.jpg,,,PDF_REFERENCE_IMAGE,
1905,1905,,,,1,APPROVED_REF,Data/Shapes/source_jpg/shape_1905.jpg,,,PDF_REFERENCE_IMAGE,
1906,1906,,,,1,APPROVED_REF,Data/Shapes/source_jpg/shape_1906.jpg,,,PDF_REFERENCE_IMAGE,
1907,1907,,,,1,APPROVED_REF,Data/Shapes/source_jpg/shape_1907.jpg,,,PDF_REFERENCE_IMAGE,
1908,1908,,,,1,APPROVED_REF,Data/Shapes/source_jpg/shape_1908.jpg,,,PDF_REFERENCE_IMAGE,
1909,1909,,,,1,APPROVED_REF,Data/Shapes/source_jpg/shape_1909.jpg,,,PDF_REFERENCE_IMAGE,
1910,1910,,,,1,APPROVED_REF,Data/Shapes/source_jpg/shape_1910.jpg,,,PDF_REFERENCE_IMAGE,
1911,1911,,,,1,APPROVED_REF,Data/Shapes/source_jpg/shape_1911.jpg,,,PDF_REFERENCE_IMAGE,
1912,1912,,,,1,APPROVED_REF,Data/Shapes/source_jpg/shape_1912.jpg,,,PDF_REFERENCE_IMAGE,
1913,1913,,,,1,APPROVED_REF,Data/Shapes/source_jpg/shape_1913.jpg,,,PDF_REFERENCE_IMAGE,
1914,1914,,,,1,APPROVED_REF,Data/Shapes/source_jpg/shape_1914.jpg,,,PDF_REFERENCE_IMAGE,
1915,1915,,,,1,APPROVED_REF,Data/Shapes/source_jpg/shape_1915.jpg,,,PDF_REFERENCE_IMAGE,
1916,1916,,,,1,APPROVED_REF,Data/Shapes/source_jpg/shape_1916.jpg,,,PDF_REFERENCE_IMAGE,
1917,1917,,,,1,APPROVED_REF,Data/Shapes/source_jpg/shape_1917.jpg,,,PDF_REFERENCE_IMAGE,
1918,1918,,,,1,APPROVED_REF,Data/Shapes/source_jpg/shape_1918.jpg,,,PDF_REFERENCE_IMAGE,
1919,1919,,,,1,APPROVED_REF,Data/Shapes/source_jpg/shape_1919.jpg,,,PDF_REFERENCE_IMAGE,
1920,1920,,,,1,APPROVED_REF,Data/Shapes/source_jpg/shape_1920.jpg,,,PDF_REFERENCE_IMAGE,
1921,1921,,,,1,APPROVED_REF,Data/Shapes/source_jpg/shape_1921.jpg,,,PDF_REFERENCE_IMAGE,
1922,1922,,,,1,APPROVED_REF,Data/Shapes/source_jpg/shape_1922.jpg,,,PDF_REFERENCE_IMAGE,
1923,1923,,,,1,APPROVED_REF,Data/Shapes/source_jpg/shape_1923.jpg,,,PDF_REFERENCE_IMAGE,
1924,1924,,,,1,APPROVED_REF,Data/Shapes/source_jpg/shape_1924.jpg,,,PDF_REFERENCE_IMAGE,
1925,1925,,,,1,APPROVED_REF,Data/Shapes/source_jpg/shape_1925.jpg,,,PDF_REFERENCE_IMAGE,
1926,1926,,,,1,APPROVED_REF,Data/Shapes/source_jpg/shape_1926.jpg,,,PDF_REFERENCE_IMAGE,
1927,1927,,,,1,APPROVED_REF,Data/Shapes/source_jpg/shape_1927.jpg,,,PDF_REFERENCE_IMAGE,
1928,1928,,,,1,APPROVED_REF,Data/Shapes/source_jpg/shape_1928.jpg,,,PDF_REFERENCE_IMAGE,
1929,1929,,,,1,APPROVED_REF,Data/Shapes/source_jpg/shape_1929.jpg,,,PDF_REFERENCE_IMAGE,
1930,1930,,,,1,APPROVED_REF,Data/Shapes/source_jpg/shape_1930.jpg,,,PDF_REFERENCE_IMAGE,
1931,1931,,,,1,APPROVED_REF,Data/Shapes/source_jpg/shape_1931.jpg,,,PDF_REFERENCE_IMAGE,
1932,1932,,,,1,APPROVED_REF,Data/Shapes/source_jpg/shape_1932.jpg,,,PDF_REFERENCE_IMAGE,
1933,1933,,,,1,APPROVED_REF,Data/Shapes/source_jpg/shape_1933.jpg,,,PDF_REFERENCE_IMAGE,
1934,1934,,,,1,APPROVED_REF,Data/Shapes/source_jpg/shape_1934.jpg,,,PDF_REFERENCE_IMAGE,
1935,1935,,,,1,APPROVED_REF,Data/Shapes/source_jpg/shape_1935.jpg,,,PDF_REFERENCE_IMAGE,
1936,1936,,,,1,APPROVED_REF,Data/Shapes/source_jpg/shape_1936.jpg,,,PDF_REFERENCE_IMAGE,
1937,1937,,,,1,APPROVED_REF,Data/Shapes/source_jpg/shape_1937.jpg,,,PDF_REFERENCE_IMAGE,
1938,1938,,,,1,APPROVED_REF,Data/Shapes/source_jpg/shape_1938.jpg,,,PDF_REFERENCE_IMAGE,
1939,1939,,,,1,APPROVED_REF,Data/Shapes/source_jpg/shape_1939.jpg,,,PDF_REFERENCE_IMAGE,
1940,1940,,,,1,APPROVED_REF,Data/Shapes/source_jpg/shape_1940.jpg,,,PDF_REFERENCE_IMAGE,
1941,1941,,,,1,APPROVED_REF,Data/Shapes/source_jpg/shape_1941.jpg,,,PDF_REFERENCE_IMAGE,
1942,1942,,,,1,APPROVED_REF,Data/Shapes/source_jpg/shape_1942.jpg,,,PDF_REFERENCE_IMAGE,
1943,1943,,,,1,APPROVED_REF,Data/Shapes/source_jpg/shape_1943.jpg,,,PDF_REFERENCE_IMAGE,
1944,1944,,,,1,APPROVED_REF,Data/Shapes/source_jpg/shape_1944.jpg,,,PDF_REFERENCE_IMAGE,
1945,1945,,,,1,APPROVED_REF,Data/Shapes/source_jpg/shape_1945.jpg,,,PDF_REFERENCE_IMAGE,
1946,1946,,,,1,APPROVED_REF,Data/Shapes/source_jpg/shape_1946.jpg,,,PDF_REFERENCE_IMAGE,
1947,1947,,,,1,APPROVED_REF,Data/Shapes/source_jpg/shape_1947.jpg,,,PDF_REFERENCE_IMAGE,
1948,1948,,,,1,APPROVED_REF,Data/Shapes/source_jpg/shape_1948.jpg,,,PDF_REFERENCE_IMAGE,
1949,1949,,,,1,APPROVED_REF,Data/Shapes/source_jpg/shape_1949.jpg,,,PDF_REFERENCE_IMAGE,
1950,1950,,,,1,APPROVED_REF,Data/Shapes/source_jpg/shape_1950.jpg,,,PDF_REFERENCE_IMAGE,
1951,1951,,,,1,APPROVED_REF,Data/Shapes/source_jpg/shape_1951.jpg,,,PDF_REFERENCE_IMAGE,
1952,1952,,,,1,APPROVED_REF,Data/Shapes/source_jpg/shape_1952.jpg,,,PDF_REFERENCE_IMAGE,
1953,1953,,,,1,APPROVED_REF,Data/Shapes/source_jpg/shape_1953.jpg,,,PDF_REFERENCE_IMAGE,
1954,1954,,,,1,APPROVED_REF,Data/Shapes/source_jpg/shape_1954.jpg,,,PDF_REFERENCE_IMAGE,
1955,1955,,,,1,APPROVED_REF,Data/Shapes/source_jpg/shape_1955.jpg,,,PDF_REFERENCE_IMAGE,
1956,1956,,,,1,APPROVED_REF,Data/Shapes/source_jpg/shape_1956.jpg,,,PDF_REFERENCE_IMAGE,
1957,1957,,,,1,APPROVED_REF,Data/Shapes/source_jpg/shape_1957.jpg,,,PDF_REFERENCE_IMAGE,
1958,1958,,,,1,APPROVED_REF,Data/Shapes/source_jpg/shape_1958.jpg,,,PDF_REFERENCE_IMAGE,
1959,1959,,,,1,APPROVED_REF,Data/Shapes/source_jpg/shape_1959.jpg,,,PDF_REFERENCE_IMAGE,
1960,1960,,,,1,APPROVED_REF,Data/Shapes/source_jpg/shape_1960.jpg,,,PDF_REFERENCE_IMAGE,
1961,1961,,,,1,APPROVED_REF,Data/Shapes/source_jpg/shape_1961.jpg,,,PDF_REFERENCE_IMAGE,
1962,1962,,,,1,APPROVED_REF,Data/Shapes/source_jpg/shape_1962.jpg,,,PDF_REFERENCE_IMAGE,
1963,1963,,,,1,APPROVED_REF,Data/Shapes/source_jpg/shape_1963.jpg,,,PDF_REFERENCE_IMAGE,
1964,1964,,,,1,APPROVED_REF,Data/Shapes/source_jpg/shape_1964.jpg,,,PDF_REFERENCE_IMAGE,
1965,1965,,,,1,APPROVED_REF,Data/Shapes/source_jpg/shape_1965.jpg,,,PDF_REFERENCE_IMAGE,
1966,1966,,,,1,APPROVED_REF,Data/Shapes/source_jpg/shape_1966.jpg,,,PDF_REFERENCE_IMAGE,
1967,1967,,,,1,APPROVED_REF,Data/Shapes/source_jpg/shape_1967.jpg,,,PDF_REFERENCE_IMAGE,
1968,1968,,,,1,APPROVED_REF,Data/Shapes/source_jpg/shape_1968.jpg,,,PDF_REFERENCE_IMAGE,
1969,1969,,,,1,APPROVED_REF,Data/Shapes/source_jpg/shape_1969.jpg,,,PDF_REFERENCE_IMAGE,
1970,1970,,,,1,APPROVED_REF,Data/Shapes/source_jpg/shape_1970.jpg,,,PDF_REFERENCE_IMAGE,
1971,1971,,,,1,APPROVED_REF,Data/Shapes/source_jpg/shape_1971.jpg,,,PDF_REFERENCE_IMAGE,
1972,1972,,,,1,APPROVED_REF,Data/Shapes/source_jpg/shape_1972.jpg,,,PDF_REFERENCE_IMAGE,
1973,1973,,,,1,APPROVED_REF,Data/Shapes/source_jpg/shape_1973.jpg,,,PDF_REFERENCE_IMAGE,
1974,1974,,,,1,APPROVED_REF,Data/Shapes/source_jpg/shape_1974.jpg,,,PDF_REFERENCE_IMAGE,
1975,1975,,,,1,APPROVED_REF,Data/Shapes/source_jpg/shape_1975.jpg,,,PDF_REFERENCE_IMAGE,
1976,1976,,,,1,APPROVED_REF,Data/Shapes/source_jpg/shape_1976.jpg,,,PDF_REFERENCE_IMAGE,
1977,1977,,,,1,APPROVED_REF,Data/Shapes/source_jpg/shape_1977.jpg,,,PDF_REFERENCE_IMAGE,
1978,1978,,,,1,APPROVED_REF,Data/Shapes/source_jpg/shape_1978.jpg,,,PDF_REFERENCE_IMAGE,
1979,1979,,,,1,APPROVED_REF,Data/Shapes/source_jpg/shape_1979.jpg,,,PDF_REFERENCE_IMAGE,
1980,1980,,,,1,APPROVED_REF,Data/Shapes/source_jpg/shape_1980.jpg,,,PDF_REFERENCE_IMAGE,
1981,1981,,,,1,APPROVED_REF,Data/Shapes/source_jpg/shape_1981.jpg,,,PDF_REFERENCE_IMAGE,
1982,1982,,,,1,APPROVED_REF,Data/Shapes/source_jpg/shape_1982.jpg,,,PDF_REFERENCE_IMAGE,
1983,1983,,,,1,APPROVED_REF,Data/Shapes/source_jpg/shape_1983.jpg,,,PDF_REFERENCE_IMAGE,
1984,1984,,,,1,APPROVED_REF,Data/Shapes/source_jpg/shape_1984.jpg,,,PDF_REFERENCE_IMAGE,
1985,1985,,,,1,APPROVED_REF,Data/Shapes/source_jpg/shape_1985.jpg,,,PDF_REFERENCE_IMAGE,
1986,1986,,,,1,APPROVED_REF,Data/Shapes/source_jpg/shape_1986.jpg,,,PDF_REFERENCE_IMAGE,
1987,1987,,,,1,APPROVED_REF,Data/Shapes/source_jpg/shape_1987.jpg,,,PDF_REFERENCE_IMAGE,
1988,1988,,,,1,APPROVED_REF,Data/Shapes/source_jpg/shape_1988.jpg,,,PDF_REFERENCE_IMAGE,
1989,1989,,,,1,APPROVED_REF,Data/Shapes/source_jpg/shape_1989.jpg,,,PDF_REFERENCE_IMAGE,
1990,1990,,,,1,APPROVED_REF,Data/Shapes/source_jpg/shape_1990.jpg,,,PDF_REFERENCE_IMAGE,
1991,1991,,,,1,APPROVED_REF,Data/Shapes/source_jpg/shape_1991.jpg,,,PDF_REFERENCE_IMAGE,
1992,1992,,,,1,APPROVED_REF,Data/Shapes/source_jpg/shape_1992.jpg,,,PDF_REFERENCE_IMAGE,
1993,1993,,,,1,APPROVED_REF,Data/Shapes/source_jpg/shape_1993.jpg,,,PDF_REFERENCE_IMAGE,
1994,1994,,,,1,APPROVED_REF,Data/Shapes/source_jpg/shape_1994.jpg,,,PDF_REFERENCE_IMAGE,
1995,1995,,,,1,APPROVED_REF,Data/Shapes/source_jpg/shape_1995.jpg,,,PDF_REFERENCE_IMAGE,
1996,1996,,,,1,APPROVED_REF,Data/Shapes/source_jpg/shape_1996.jpg,,,PDF_REFERENCE_IMAGE,
1997,1997,,,,1,APPROVED_REF,Data/Shapes/source_jpg/shape_1997.jpg,,,PDF_REFERENCE_IMAGE,
1998,1998,,,,1,APPROVED_REF,Data/Shapes/source_jpg/shape_1998.jpg,,,PDF_REFERENCE_IMAGE,
1999,1999,,,,1,APPROVED_REF,Data/Shapes/source_jpg/shape_1999.jpg,,,PDF_REFERENCE_IMAGE,
2000,2000,,,,1,APPROVED_REF,Data/Shapes/source_jpg/shape_2000.jpg,,,PDF_REFERENCE_IMAGE,
2001,2001,,,,1,APPROVED_REF,Data/Shapes/source_jpg/shape_2001.jpg,,,PDF_REFERENCE_IMAGE,
2002,2002,,,,1,APPROVED_REF,Data/Shapes/source_jpg/shape_2002.jpg,,,PDF_REFERENCE_IMAGE,
2003,2003,,,,1,APPROVED_REF,Data/Shapes/source_jpg/shape_2003.jpg,,,PDF_REFERENCE_IMAGE,
2004,2004,,,,1,APPROVED_REF,Data/Shapes/source_jpg/shape_2004.jpg,,,PDF_REFERENCE_IMAGE,
2005,2005,,,,1,APPROVED_REF,Data/Shapes/source_jpg/shape_2005.jpg,,,PDF_REFERENCE_IMAGE,
2006,2006,,,,1,APPROVED_REF,Data/Shapes/source_jpg/shape_2006.jpg,,,PDF_REFERENCE_IMAGE,
2007,2007,,,,1,APPROVED_REF,Data/Shapes/source_jpg/shape_2007.jpg,,,PDF_REFERENCE_IMAGE,
2008,2008,,,,1,APPROVED_REF,Data/Shapes/source_jpg/shape_2008.jpg,,,PDF_REFERENCE_IMAGE,
2009,2009,,,,1,APPROVED_REF,Data/Shapes/source_jpg/shape_2009.jpg,,,PDF_REFERENCE_IMAGE,
2010,2010,,,,1,APPROVED_REF,Data/Shapes/source_jpg/shape_2010.jpg,,,PDF_REFERENCE_IMAGE,
2011,2011,,,,1,APPROVED_REF,Data/Shapes/source_jpg/shape_2011.jpg,,,PDF_REFERENCE_IMAGE,
2012,2012,,,,1,APPROVED_REF,Data/Shapes/source_jpg/shape_2012.jpg,,,PDF_REFERENCE_IMAGE,
2013,2013,,,,1,APPROVED_REF,Data/Shapes/source_jpg/shape_2013.jpg,,,PDF_REFERENCE_IMAGE,
2014,2014,,,,1,APPROVED_REF,Data/Shapes/source_jpg/shape_2014.jpg,,,PDF_REFERENCE_IMAGE,
2015,2015,,,,1,APPROVED_REF,Data/Shapes/source_jpg/shape_2015.jpg,,,PDF_REFERENCE_IMAGE,
2016,2016,,,,1,APPROVED_REF,Data/Shapes/source_jpg/shape_2016.jpg,,,PDF_REFERENCE_IMAGE,
2017,2017,,,,1,APPROVED_REF,Data/Shapes/source_jpg/shape_2017.jpg,,,PDF_REFERENCE_IMAGE,
2018,2018,,,,1,APPROVED_REF,Data/Shapes/source_jpg/shape_2018.jpg,,,PDF_REFERENCE_IMAGE,
2019,2019,,,,1,APPROVED_REF,Data/Shapes/source_jpg/shape_2019.jpg,,,PDF_REFERENCE_IMAGE,
2020,2020,,,,1,APPROVED_REF,Data/Shapes/source_jpg/shape_2020.jpg,,,PDF_REFERENCE_IMAGE,
2021,2021,,,,1,APPROVED_REF,Data/Shapes/source_jpg/shape_2021.jpg,,,PDF_REFERENCE_IMAGE,
2022,2022,,,,1,APPROVED_REF,Data/Shapes/source_jpg/shape_2022.jpg,,,PDF_REFERENCE_IMAGE,
2023,2023,,,,1,APPROVED_REF,Data/Shapes/source_jpg/shape_2023.jpg,,,PDF_REFERENCE_IMAGE,
2024,2024,,,,1,APPROVED_REF,Data/Shapes/source_jpg/shape_2024.jpg,,,PDF_REFERENCE_IMAGE,
2025,2025,,,,1,APPROVED_REF,Data/Shapes/source_jpg/shape_2025.jpg,,,PDF_REFERENCE_IMAGE,
2026,2026,,,,1,APPROVED_REF,Data/Shapes/source_jpg/shape_2026.jpg,,,PDF_REFERENCE_IMAGE,
2027,2027,,,,1,APPROVED_REF,Data/Shapes/source_jpg/shape_2027.jpg,,,PDF_REFERENCE_IMAGE,
2028,2028,,,,1,APPROVED_REF,Data/Shapes/source_jpg/shape_2028.jpg,,,PDF_REFERENCE_IMAGE,
2029,2029,,,,1,APPROVED_REF,Data/Shapes/source_jpg/shape_2029.jpg,,,PDF_REFERENCE_IMAGE,
2030,2030,,,,1,APPROVED_REF,Data/Shapes/source_jpg/shape_2030.jpg,,,PDF_REFERENCE_IMAGE,
2031,2031,,,,1,APPROVED_REF,Data/Shapes/source_jpg/shape_2031.jpg,,,PDF_REFERENCE_IMAGE,
2032,2032,,,,1,APPROVED_REF,Data/Shapes/source_jpg/shape_2032.jpg,,,PDF_REFERENCE_IMAGE,
2033,2033,,,,1,APPROVED_REF,Data/Shapes/source_jpg/shape_2033.jpg,,,PDF_REFERENCE_IMAGE,
2034,2034,,,,1,APPROVED_REF,Data/Shapes/source_jpg/shape_2034.jpg,,,PDF_REFERENCE_IMAGE,
2035,2035,,,,1,APPROVED_REF,Data/Shapes/source_jpg/shape_2035.jpg,,,PDF_REFERENCE_IMAGE,
2036,2036,,,,1,APPROVED_REF,Data/Shapes/source_jpg/shape_2036.jpg,,,PDF_REFERENCE_IMAGE,
2037,2037,,,,1,APPROVED_REF,Data/Shapes/source_jpg/shape_2037.jpg,,,PDF_REFERENCE_IMAGE,
2038,2038,,,,1,APPROVED_REF,Data/Shapes/source_jpg/shape_2038.jpg,,,PDF_REFERENCE_IMAGE,
2039,2039,,,,1,APPROVED_REF,Data/Shapes/source_jpg/shape_2039.jpg,,,PDF_REFERENCE_IMAGE,
2040,2040,,,,1,APPROVED_REF,Data/Shapes/source_jpg/shape_2040.jpg,,,PDF_REFERENCE_IMAGE,
2041,2041,,,,1,APPROVED_REF,Data/Shapes/source_jpg/shape_2041.jpg,,,PDF_REFERENCE_IMAGE,
2042,2042,,,,1,APPROVED_REF,Data/Shapes/source_jpg/shape_2042.jpg,,,PDF_REFERENCE_IMAGE,
2043,2043,,,,1,APPROVED_REF,Data/Shapes/source_jpg/shape_2043.jpg,,,PDF_REFERENCE_IMAGE,
2044,2044,,,,1,APPROVED_REF,Data/Shapes/source_jpg/shape_2044.jpg,,,PDF_REFERENCE_IMAGE,
2045,2045,,,,1,APPROVED_REF,Data/Shapes/source_jpg/shape_2045.jpg,,,PDF_REFERENCE_IMAGE,
2046,2046,,,,1,APPROVED_REF,Data/Shapes/source_jpg/shape_2046.jpg,,,PDF_REFERENCE_IMAGE,
2047,2047,,,,1,APPROVED_REF,Data/Shapes/source_jpg/shape_2047.jpg,,,PDF_REFERENCE_IMAGE,
2048,2048,,,,1,APPROVED_REF,Data/Shapes/source_jpg/shape_2048.jpg,,,PDF_REFERENCE_IMAGE,
2049,2049,,,,1,APPROVED_REF,Data/Shapes/source_jpg/shape_2049.jpg,,,PDF_REFERENCE_IMAGE,
2050,2050,,,,1,APPROVED_REF,Data/Shapes/source_jpg/shape_2050.jpg,,,PDF_REFERENCE_IMAGE,
2051,2051,,,,1,APPROVED_REF,Data/Shapes/source_jpg/shape_2051.jpg,,,PDF_REFERENCE_IMAGE,
2052,2052,,,,1,APPROVED_REF,Data/Shapes/source_jpg/shape_2052.jpg,,,PDF_REFERENCE_IMAGE,
2053,2053,,,,1,APPROVED_REF,Data/Shapes/source_jpg/shape_2053.jpg,,,PDF_REFERENCE_IMAGE,
2054,2054,,,,1,APPROVED_REF,Data/Shapes/source_jpg/shape_2054.jpg,,,PDF_REFERENCE_IMAGE,
2055,2055,,,,1,APPROVED_REF,Data/Shapes/source_jpg/shape_2055.jpg,,,PDF_REFERENCE_IMAGE,
2056,2056,,,,1,APPROVED_REF,Data/Shapes/source_jpg/shape_2056.jpg,,,PDF_REFERENCE_IMAGE,
2057,2057,,,,1,APPROVED_REF,Data/Shapes/source_jpg/shape_2057.jpg,,,PDF_REFERENCE_IMAGE,
2058,2058,,,,1,APPROVED_REF,Data/Shapes/source_jpg/shape_2058.jpg,,,PDF_REFERENCE_IMAGE,
2059,2059,,,,1,APPROVED_REF,Data/Shapes/source_jpg/shape_2059.jpg,,,PDF_REFERENCE_IMAGE,
2060,2060,,,,1,APPROVED_REF,Data/Shapes/source_jpg/shape_2060.jpg,,,PDF_REFERENCE_IMAGE,
2061,2061,,,,1,APPROVED_REF,Data/Shapes/source_jpg/shape_2061.jpg,,,PDF_REFERENCE_IMAGE,
2062,2062,,,,1,APPROVED_REF,Data/Shapes/source_jpg/shape_2062.jpg,,,PDF_REFERENCE_IMAGE,
2063,2063,,,,1,APPROVED_REF,Data/Shapes/source_jpg/shape_2063.jpg,,,PDF_REFERENCE_IMAGE,
2064,2064,,,,1,APPROVED_REF,Data/Shapes/source_jpg/shape_2064.jpg,,,PDF_REFERENCE_IMAGE,
2065,2065,,,,1,APPROVED_REF,Data/Shapes/source_jpg/shape_2065.jpg,,,PDF_REFERENCE_IMAGE,
2066,2066,,,,1,APPROVED_REF,Data/Shapes/source_jpg/shape_2066.jpg,,,PDF_REFERENCE_IMAGE,
2067,2067,,,,1,APPROVED_REF,Data/Shapes/source_jpg/shape_2067.jpg,,,PDF_REFERENCE_IMAGE,
2068,2068,,,,1,APPROVED_REF,Data/Shapes/source_jpg/shape_2068.jpg,,,PDF_REFERENCE_IMAGE,
2069,2069,,,,1,APPROVED_REF,Data/Shapes/source_jpg/shape_2069.jpg,,,PDF_REFERENCE_IMAGE,
2070,2070,,,,1,APPROVED_REF,Data/Shapes/source_jpg/shape_2070.jpg,,,PDF_REFERENCE_IMAGE,
2071,2071,,,,1,APPROVED_REF,Data/Shapes/source_jpg/shape_2071.jpg,,,PDF_REFERENCE_IMAGE,
2072,2072,,,,1,APPROVED_REF,Data/Shapes/source_jpg/shape_2072.jpg,,,PDF_REFERENCE_IMAGE,
2073,2073,,,,1,APPROVED_REF,Data/Shapes/source_jpg/shape_2073.jpg,,,PDF_REFERENCE_IMAGE,
2074,2074,,,,1,APPROVED_REF,Data/Shapes/source_jpg/shape_2074.jpg,,,PDF_REFERENCE_IMAGE,
2075,2075,,,,1,APPROVED_REF,Data/Shapes/source_jpg/shape_2075.jpg,,,PDF_REFERENCE_IMAGE,
2076,2076,,,,1,APPROVED_REF,Data/Shapes/source_jpg/shape_2076.jpg,,,PDF_REFERENCE_IMAGE,
2077,2077,,,,1,APPROVED_REF,Data/Shapes/source_jpg/shape_2077.jpg,,,PDF_REFERENCE_IMAGE,
2078,2078,,,,1,APPROVED_REF,Data/Shapes/source_jpg/shape_2078.jpg,,,PDF_REFERENCE_IMAGE,
2079,2079,,,,1,APPROVED_REF,Data/Shapes/source_jpg/shape_2079.jpg,,,PDF_REFERENCE_IMAGE,
2080,2080,,,,1,APPROVED_REF,Data/Shapes/source_jpg/shape_2080.jpg,,,PDF_REFERENCE_IMAGE,
2081,2081,,,,1,APPROVED_REF,Data/Shapes/source_jpg/shape_2081.jpg,,,PDF_REFERENCE_IMAGE,
2082,2082,,,,1,APPROVED_REF,Data/Shapes/source_jpg/shape_2082.jpg,,,PDF_REFERENCE_IMAGE,
2083,2083,,,,1,APPROVED_REF,Data/Shapes/source_jpg/shape_2083.jpg,,,PDF_REFERENCE_IMAGE,
2084,2084,,,,1,APPROVED_REF,Data/Shapes/source_jpg/shape_2084.jpg,,,PDF_REFERENCE_IMAGE,
2085,2085,,,,1,APPROVED_REF,Data/Shapes/source_jpg/shape_2085.jpg,,,PDF_REFERENCE_IMAGE,
2086,2086,,,,1,APPROVED_REF,Data/Shapes/source_jpg/shape_2086.jpg,,,PDF_REFERENCE_IMAGE,
2087,2087,,,,1,APPROVED_REF,Data/Shapes/source_jpg/shape_2087.jpg,,,PDF_REFERENCE_IMAGE,
2088,2088,,,,1,APPROVED_REF,Data/Shapes/source_jpg/shape_2088.jpg,,,PDF_REFERENCE_IMAGE,
2089,2089,,,,1,APPROVED_REF,Data/Shapes/source_jpg/shape_2089.jpg,,,PDF_REFERENCE_IMAGE,
2090,2090,,,,1,APPROVED_REF,Data/Shapes/source_jpg/shape_2090.jpg,,,PDF_REFERENCE_IMAGE,
2091,2091,,,,1,APPROVED_REF,Data/Shapes/source_jpg/shape_2091.jpg,,,PDF_REFERENCE_IMAGE,
2092,2092,,,,1,APPROVED_REF,Data/Shapes/source_jpg/shape_2092.jpg,,,PDF_REFERENCE_IMAGE,
2093,2093,,,,1,APPROVED_REF,Data/Shapes/source_jpg/shape_2093.jpg,,,PDF_REFERENCE_IMAGE,
2094,2094,,,,1,APPROVED_REF,Data/Shapes/source_jpg/shape_2094.jpg,,,PDF_REFERENCE_IMAGE,
2095,2095,,,,1,APPROVED_REF,Data/Shapes/source_jpg/shape_2095.jpg,,,PDF_REFERENCE_IMAGE,
2096,2096,,,,1,APPROVED_REF,Data/Shapes/source_jpg/shape_2096.jpg,,,PDF_REFERENCE_IMAGE,
2097,2097,,,,1,APPROVED_REF,Data/Shapes/source_jpg/shape_2097.jpg,,,PDF_REFERENCE_IMAGE,
2098,2098,,,,1,APPROVED_REF,Data/Shapes/source_jpg/shape_2098.jpg,,,PDF_REFERENCE_IMAGE,
2099,2099,,,,1,APPROVED_REF,Data/Shapes/source_jpg/shape_2099.jpg,,,PDF_REFERENCE_IMAGE,
2100,2100,,,,1,APPROVED_REF,Data/Shapes/source_jpg/shape_2100.jpg,,,PDF_REFERENCE_IMAGE,
2101,2101,,,,1,APPROVED_REF,Data/Shapes/source_jpg/shape_2101.jpg,,,PDF_REFERENCE_IMAGE,
2102,2102,,,,1,APPROVED_REF,Data/Shapes/source_jpg/shape_2102.jpg,,,PDF_REFERENCE_IMAGE,
2103,2103,,,,1,APPROVED_REF,Data/Shapes/source_jpg/shape_2103.jpg,,,PDF_REFERENCE_IMAGE,
2104,2104,,,,1,APPROVED_REF,Data/Shapes/source_jpg/shape_2104.jpg,,,PDF_REFERENCE_IMAGE,
2105,2105,,,,1,APPROVED_REF,Data/Shapes/source_jpg/shape_2105.jpg,,,PDF_REFERENCE_IMAGE,
2106,2106,,,,1,APPROVED_REF,Data/Shapes/source_jpg/shape_2106.jpg,,,PDF_REFERENCE_IMAGE,
2107,2107,,,,1,APPROVED_REF,Data/Shapes/source_jpg/shape_2107.jpg,,,PDF_REFERENCE_IMAGE,
2108,2108,,,,1,APPROVED_REF,Data/Shapes/source_jpg/shape_2108.jpg,,,PDF_REFERENCE_IMAGE,
2109,2109,,,,1,APPROVED_REF,Data/Shapes/source_jpg/shape_2109.jpg,,,PDF_REFERENCE_IMAGE,
2110,2110,,,,1,APPROVED_REF,Data/Shapes/source_jpg/shape_2110.jpg,,,PDF_REFERENCE_IMAGE,
2111,2111,,,,1,APPROVED_REF,Data/Shapes/source_jpg/shape_2111.jpg,,,PDF_REFERENCE_IMAGE,
2112,2112,,,,1,APPROVED_REF,Data/Shapes/source_jpg/shape_2112.jpg,,,PDF_REFERENCE_IMAGE,
2113,2113,,,,1,APPROVED_REF,Data/Shapes/source_jpg/shape_2113.jpg,,,PDF_REFERENCE_IMAGE,
2114,2114,,,,1,APPROVED_REF,Data/Shapes/source_jpg/shape_2114.jpg,,,PDF_REFERENCE_IMAGE,
2115,2115,,,,1,APPROVED_REF,Data/Shapes/source_jpg/shape_2115.jpg,,,PDF_REFERENCE_IMAGE,
2116,2116,,,,1,APPROVED_REF,Data/Shapes/source_jpg/shape_2116.jpg,,,PDF_REFERENCE_IMAGE,
2117,2117,,,,1,APPROVED_REF,Data/Shapes/source_jpg/shape_2117.jpg,,,PDF_REFERENCE_IMAGE,
2118,2118,,,,1,APPROVED_REF,Data/Shapes/source_jpg/shape_2118.jpg,,,PDF_REFERENCE_IMAGE,
2119,2119,,,,1,APPROVED_REF,Data/Shapes/source_jpg/shape_2119.jpg,,,PDF_REFERENCE_IMAGE,
2120,2120,,,,1,APPROVED_REF,Data/Shapes/source_jpg/shape_2120.jpg,,,PDF_REFERENCE_IMAGE,
2121,2121,,,,1,APPROVED_REF,Data/Shapes/source_jpg/shape_2121.jpg,,,PDF_REFERENCE_IMAGE,
2122,2122,,,,1,APPROVED_REF,Data/Shapes/source_jpg/shape_2122.jpg,,,PDF_REFERENCE_IMAGE,
2123,2123,,,,1,APPROVED_REF,Data/Shapes/source_jpg/shape_2123.jpg,,,PDF_REFERENCE_IMAGE,
2124,2124,,,,1,APPROVED_REF,Data/Shapes/source_jpg/shape_2124.jpg,,,PDF_REFERENCE_IMAGE,
2125,2125,,,,1,APPROVED_REF,Data/Shapes/source_jpg/shape_2125.jpg,,,PDF_REFERENCE_IMAGE,
2126,2126,,,,1,APPROVED_REF,Data/Shapes/source_jpg/shape_2126.jpg,,,PDF_REFERENCE_IMAGE,
2127,2127,,,,1,APPROVED_REF,Data/Shapes/source_jpg/shape_2127.jpg,,,PDF_REFERENCE_IMAGE,
2128,2128,,,,1,APPROVED_REF,Data/Shapes/source_jpg/shape_2128.jpg,,,PDF_REFERENCE_IMAGE,
2129,2129,,,,1,APPROVED_REF,Data/Shapes/source_jpg/shape_2129.jpg,,,PDF_REFERENCE_IMAGE,
2130,2130,,,,1,APPROVED_REF,Data/Shapes/source_jpg/shape_2130.jpg,,,PDF_REFERENCE_IMAGE,
2131,2131,,,,1,APPROVED_REF,Data/Shapes/source_jpg/shape_2131.jpg,,,PDF_REFERENCE_IMAGE,
2132,2132,,,,1,APPROVED_REF,Data/Shapes/source_jpg/shape_2132.jpg,,,PDF_REFERENCE_IMAGE,
2133,2133,,,,1,APPROVED_REF,Data/Shapes/source_jpg/shape_2133.jpg,,,PDF_REFERENCE_IMAGE,
2134,2134,,,,1,APPROVED_REF,Data/Shapes/source_jpg/shape_2134.jpg,,,PDF_REFERENCE_IMAGE,
2135,2135,,,,1,APPROVED_REF,Data/Shapes/source_jpg/shape_2135.jpg,,,PDF_REFERENCE_IMAGE,
2136,2136,,,,1,APPROVED_REF,Data/Shapes/source_jpg/shape_2136.jpg,,,PDF_REFERENCE_IMAGE,
2137,2137,,,,1,APPROVED_REF,Data/Shapes/source_jpg/shape_2137.jpg,,,PDF_REFERENCE_IMAGE,
2138,2138,,,,1,APPROVED_REF,Data/Shapes/source_jpg/shape_2138.jpg,,,PDF_REFERENCE_IMAGE,
2139,2139,,,,1,APPROVED_REF,Data/Shapes/source_jpg/shape_2139.jpg,,,PDF_REFERENCE_IMAGE,
2140,2140,,,,1,APPROVED_REF,Data/Shapes/source_jpg/shape_2140.jpg,,,PDF_REFERENCE_IMAGE,
2141,2141,,,,1,APPROVED_REF,Data/Shapes/source_jpg/shape_2141.jpg,,,PDF_REFERENCE_IMAGE,
2142,2142,,,,1,APPROVED_REF,Data/Shapes/source_jpg/shape_2142.jpg,,,PDF_REFERENCE_IMAGE,
2143,2143,,,,1,APPROVED_REF,Data/Shapes/source_jpg/shape_2143.jpg,,,PDF_REFERENCE_IMAGE,
2144,2144,,,,1,APPROVED_REF,Data/Shapes/source_jpg/shape_2144.jpg,,,PDF_REFERENCE_IMAGE,
2145,2145,,,,1,APPROVED_REF,Data/Shapes/source_jpg/shape_2145.jpg,,,PDF_REFERENCE_IMAGE,
2146,2146,,,,1,APPROVED_REF,Data/Shapes/source_jpg/shape_2146.jpg,,,PDF_REFERENCE_IMAGE,
2147,2147,,,,1,APPROVED_REF,Data/Shapes/source_jpg/shape_2147.jpg,,,PDF_REFERENCE_IMAGE,
2148,2148,,,,1,APPROVED_REF,Data/Shapes/source_jpg/shape_2148.jpg,,,PDF_REFERENCE_IMAGE,
2149,2149,,,,1,APPROVED_REF,Data/Shapes/source_jpg/shape_2149.jpg,,,PDF_REFERENCE_IMAGE,
2150,2150,,,,1,APPROVED_REF,Data/Shapes/source_jpg/shape_2150.jpg,,,PDF_REFERENCE_IMAGE,
2151,2151,,,,1,APPROVED_REF,Data/Shapes/source_jpg/shape_2151.jpg,,,PDF_REFERENCE_IMAGE,
2152,2152,,,,1,APPROVED_REF,Data/Shapes/source_jpg/shape_2152.jpg,,,PDF_REFERENCE_IMAGE,
2153,2153,,,,1,APPROVED_REF,Data/Shapes/source_jpg/shape_2153.jpg,,,PDF_REFERENCE_IMAGE,
2154,2154,,,,1,APPROVED_REF,Data/Shapes/source_jpg/shape_2154.jpg,,,PDF_REFERENCE_IMAGE,
2155,2155,,,,1,APPROVED_REF,Data/Shapes/source_jpg/shape_2155.jpg,,,PDF_REFERENCE_IMAGE,
2156,2156,,,,1,APPROVED_REF,Data/Shapes/source_jpg/shape_2156.jpg,,,PDF_REFERENCE_IMAGE,
2157,2157,,,,1,APPROVED_REF,Data/Shapes/source_jpg/shape_2157.jpg,,,PDF_REFERENCE_IMAGE,
2158,2158,,,,1,APPROVED_REF,Data/Shapes/source_jpg/shape_2158.jpg,,,PDF_REFERENCE_IMAGE,
2159,2159,,,,1,APPROVED_REF,Data/Shapes/source_jpg/shape_2159.jpg,,,PDF_REFERENCE_IMAGE,
2160,2160,,,,1,APPROVED_REF,Data/Shapes/source_jpg/shape_2160.jpg,,,PDF_REFERENCE_IMAGE,
2161,2161,,,,1,APPROVED_REF,Data/Shapes/source_jpg/shape_2161.jpg,,,PDF_REFERENCE_IMAGE,
2162,2162,,,,1,APPROVED_REF,Data/Shapes/source_jpg/shape_2162.jpg,,,PDF_REFERENCE_IMAGE,
2163,2163,,,,1,APPROVED_REF,Data/Shapes/source_jpg/shape_2163.jpg,,,PDF_REFERENCE_IMAGE,
2164,2164,,,,1,APPROVED_REF,Data/Shapes/source_jpg/shape_2164.jpg,,,PDF_REFERENCE_IMAGE,
2165,2165,,,,1,APPROVED_REF,Data/Shapes/source_jpg/shape_2165.jpg,,,PDF_REFERENCE_IMAGE,
2166,2166,,,,1,APPROVED_REF,Data/Shapes/source_jpg/shape_2166.jpg,,,PDF_REFERENCE_IMAGE,
2167,2167,,,,1,APPROVED_REF,Data/Shapes/source_jpg/shape_2167.jpg,,,PDF_REFERENCE_IMAGE,
2168,2168,,,,1,APPROVED_REF,Data/Shapes/source_jpg/shape_2168.jpg,,,PDF_REFERENCE_IMAGE,
2169,2169,,,,1,APPROVED_REF,Data/Shapes/source_jpg/shape_2169.jpg,,,PDF_REFERENCE_IMAGE,
2170,2170,,,,1,APPROVED_REF,Data/Shapes/source_jpg/shape_2170.jpg,,,PDF_REFERENCE_IMAGE,
2171,2171,,,,1,APPROVED_REF,Data/Shapes/source_jpg/shape_2171.jpg,,,PDF_REFERENCE_IMAGE,
2172,2172,,,,1,APPROVED_REF,Data/Shapes/source_jpg/shape_2172.jpg,,,PDF_REFERENCE_IMAGE,
2173,2173,,,,1,APPROVED_REF,Data/Shapes/source_jpg/shape_2173.jpg,,,PDF_REFERENCE_IMAGE,
2174,2174,,,,1,APPROVED_REF,Data/Shapes/source_jpg/shape_2174.jpg,,,PDF_REFERENCE_IMAGE,
2175,2175,,,,1,APPROVED_REF,Data/Shapes/source_jpg/shape_2175.jpg,,,PDF_REFERENCE_IMAGE,
2176,2176,,,,1,APPROVED_REF,Data/Shapes/source_jpg/shape_2176.jpg,,,PDF_REFERENCE_IMAGE,
2177,2177,,,,1,APPROVED_REF,Data/Shapes/source_jpg/shape_2177.jpg,,,PDF_REFERENCE_IMAGE,
2178,2178,,,,1,APPROVED_REF,Data/Shapes/source_jpg/shape_2178.jpg,,,PDF_REFERENCE_IMAGE,
2179,2179,,,,1,APPROVED_REF,Data/Shapes/source_jpg/shape_2179.jpg,,,PDF_REFERENCE_IMAGE,
2180,2180,,,,1,APPROVED_REF,Data/Shapes/source_jpg/shape_2180.jpg,,,PDF_REFERENCE_IMAGE,
2181,2181,,,,1,APPROVED_REF,Data/Shapes/source_jpg/shape_2181.jpg,,,PDF_REFERENCE_IMAGE,
2182,2182,,,,1,APPROVED_REF,Data/Shapes/source_jpg/shape_2182.jpg,,,PDF_REFERENCE_IMAGE,
2183,2183,,,,1,APPROVED_REF,Data/Shapes/source_jpg/shape_2183.jpg,,,PDF_REFERENCE_IMAGE,
2184,2184,,,,1,APPROVED_REF,Data/Shapes/source_jpg/shape_2184.jpg,,,PDF_REFERENCE_IMAGE,
2185,2185,,,,1,APPROVED_REF,Data/Shapes/source_jpg/shape_2185.jpg,,,PDF_REFERENCE_IMAGE,
2186,2186,,,,1,APPROVED_REF,Data/Shapes/source_jpg/shape_2186.jpg,,,PDF_REFERENCE_IMAGE,
2187,2187,,,,1,APPROVED_REF,Data/Shapes/source_jpg/shape_2187.jpg,,,PDF_REFERENCE_IMAGE,
2188,2188,,,,1,APPROVED_REF,Data/Shapes/source_jpg/shape_2188.jpg,,,PDF_REFERENCE_IMAGE,
2189,2189,,,,1,APPROVED_REF,Data/Shapes/source_jpg/shape_2189.jpg,,,PDF_REFERENCE_IMAGE,
2190,2190,,,,1,APPROVED_REF,Data/Shapes/source_jpg/shape_2190.jpg,,,PDF_REFERENCE_IMAGE,
2191,2191,,,,1,APPROVED_REF,Data/Shapes/source_jpg/shape_2191.jpg,,,PDF_REFERENCE_IMAGE,
2192,2192,,,,1,APPROVED_REF,Data/Shapes/source_jpg/shape_2192.jpg,,,PDF_REFERENCE_IMAGE,
2193,2193,,,,1,APPROVED_REF,Data/Shapes/source_jpg/shape_2193.jpg,,,PDF_REFERENCE_IMAGE,
2194,2194,,,,1,APPROVED_REF,Data/Shapes/source_jpg/shape_2194.jpg,,,PDF_REFERENCE_IMAGE,
2195,2195,,,,1,APPROVED_REF,Data/Shapes/source_jpg/shape_2195.jpg,,,PDF_REFERENCE_IMAGE,
2196,2196,,,,1,APPROVED_REF,Data/Shapes/source_jpg/shape_2196.jpg,,,PDF_REFERENCE_IMAGE,
2197,2197,,,,1,APPROVED_REF,Data/Shapes/source_jpg/shape_2197.jpg,,,PDF_REFERENCE_IMAGE,
2198,2198,,,,1,APPROVED_REF,Data/Shapes/source_jpg/shape_2198.jpg,,,PDF_REFERENCE_IMAGE,
2199,2199,,,,1,APPROVED_REF,Data/Shapes/source_jpg/shape_2199.jpg,,,PDF_REFERENCE_IMAGE,
2200,2200,,,,1,APPROVED_REF,Data/Shapes/source_jpg/shape_2200.jpg,,,PDF_REFERENCE_IMAGE,
2201,2201,,,,1,APPROVED_REF,Data/Shapes/source_jpg/shape_2201.jpg,,,PDF_REFERENCE_IMAGE,
2202,2202,,,,1,APPROVED_REF,Data/Shapes/source_jpg/shape_2202.jpg,,,PDF_REFERENCE_IMAGE,
2203,2203,,,,1,APPROVED_REF,Data/Shapes/source_jpg/shape_2203.jpg,,,PDF_REFERENCE_IMAGE,
2204,2204,,,,1,APPROVED_REF,Data/Shapes/source_jpg/shape_2204.jpg,,,PDF_REFERENCE_IMAGE,
2205,2205,,,,1,APPROVED_REF,Data/Shapes/source_jpg/shape_2205.jpg,,,PDF_REFERENCE_IMAGE,
2206,2206,,,,1,APPROVED_REF,Data/Shapes/source_jpg/shape_2206.jpg,,,PDF_REFERENCE_IMAGE,
2207,2207,,,,1,APPROVED_REF,Data/Shapes/source_jpg/shape_2207.jpg,,,PDF_REFERENCE_IMAGE,
2208,2208,,,,1,APPROVED_REF,Data/Shapes/source_jpg/shape_2208.jpg,,,PDF_REFERENCE_IMAGE,
